[1,["1aa9d84a9","ecpdLyjvZBwrvm+cedCcQy","daWYQauulL7acIjkFTMr5p","1ewOTzKv1M4plYi/r0tWEm","21MaL1CjxH9rBxfQpleMsP","36UZrJEItGtoucUnce4ptt","0e26sIcBZCh7YySc+hCq9r","05la81+F1Jbb9lWZ21BWLE","ff5Gm97yxPjZEzORBQuQR9","44+mehIuZF2rzrCfS3izca","37ZoQY89tC4r/IHCmDLh+L","03sxW0liZAC49/5tqsN7Pi","c39HwWdF9GUoZqIWS2Gb1u","74AUH3hJdEGp7NsJeXmYDK","5e2I/4z0NH2YDpLeJdQlBQ","63PLuMG0RObYOpxwKMKwTf","a2wXR2MuhIgZXONphQfVBJ","a0QgrQnENLBqJvKZKJAGOQ","d6/ozvPq9KGZANpz426/22","aed9dqYJlFyp4FftCr+3P5","02WAbLkMNJmLeSCt6s+3Ty","4fmV6P7NdAo7zdNnpvHUks","e8T5PxLW1GeKP6Elay/w5N","caDPoq0JxCxrF7E+C/Fggt","b33wEJcnRENobFP2DrA22z","cd68tm8BtEVYWKDZUMs7Dy","c0MyRaWDhKZqW+UBkCLg07","e9Ljprn1dFKo/yJTU6SYTx","e7jWYX33dD/bs4dJVyrkjV","99vUhY1sZBt5UuoBBcf7cI","e4qJmD5jVF861NbMMVsP7e","78uCUpGIRCnI6whyowlO/3","a1/MradUpJ9qXeIv7Ynn/I","98tH64mT1EmKWYt8X7sXgF","96m4uez5REYpGZ6cK7W1Ju","74HJM4Sd1LGYjaYbsf0OF5","85yMCdFgVFrYiQojqmkSaB","f4hLh3dihK7q+Mb7L8GjfH","ca0bhZoUxCU4WKjlMvSItf","b80vOskTFOqIW+oXaL36XQ","61M1GUehZIvqxKXpddAF14","abrMkugh5AzqFTaLcoB6fi","b5ci2qg/RFZ7KBj1dgx5Iv","78PNvOJhlGLLTLbxirdAoR","a4Wnq0a21EFZgNVy/tGltB","32qc6qRjNMwpoy/FFwGE1e","3ctdBDdp1O15/C+UHeeUIn","ffuVodQApAXJTkYaHq8wRL","02XwVlPUhOBJ74jLxLL09I","6cGGjvhmND2q8cDV6JbLKq","38CYB83x5HhJcL2IC1JYcz","47+cn21VlPpKXRy1XlSu3d","f5uyr0MghDD4XT2EbRmElO","03uDHz+4lFmJlUTxRhNozt","1aYDOai/NC1rfVlY1RLDte","bcecQaPpNMNqGDPEHaURWl","c3eYVzDJ9HmJpCRpATOd1L","e7pQgYEo5EFJbZcKW0gKnQ","edDKNPauhIgpvUVhvyyGqd"],["node","_textureSetter","_spriteFrame","_N$target","root","_parent","_N$file","prefab","modal","scene","levelJson","TilePrefab","TileShadow","Line46","Line37","Line19","audio_bgm","audio_unlock","audio_invalid","audio_draw","audio_down","audio_win","audio_link","audio_get_diamond","skinConfig","luckyConfig","_defaultClip","audio"],["cc.SpriteFrame",["cc.Node",["_name","_active","_objFlags","_id","_opacity","_components","_parent","_contentSize","_trs","_children","_prefab","_color"],-2,9,1,5,7,2,4,5],["cc.Sprite",["_sizeMode","_type","_dstBlendFactor","node","_materials","_spriteFrame"],0,1,3,6],["cc.Widget",["_alignFlags","_originalWidth","_originalHeight","node"],0,1],["cc.ClickEvent",["handler","_componentId","component","target"],0,1],["cc.PrefabInfo",["fileId","root"],2,1],["cc.Label",["_string","_lineHeight","_isSystemFontUsed","_N$horizontalAlign","_N$verticalAlign","node","_N$file","_materials"],-2,1,6,3],["cc.AnimationClip",["_name","_duration","speed","wrapMode","curveData"],-2],["cc.SceneAsset",["_name","asyncLoadAssets"],1],["cc.Canvas",["_fitWidth","_fitHeight","node","_designResolution"],1,1,5],["6be4flAQQJHL6gxxNXHg9Az",["node"],3,1],["679c3x/ZwhD8KnIy6p5lX5y",["elastic","node","audio"],2,1,6],["979d2m9WlRN0519FkcUBa5E",["node"],3,1],["cc.Button",["_N$transition","node","clickEvents","_N$normalColor","_N$target"],2,1,9,5,1],["c0f79TopoBICobmtQjrjutG",["modalOpacity","node","modal"],2,1,1],["bc48cBqkERHuJx+iKzOzwOV",["node","prefab"],3,1,6],["129ed5o6uNHDKhz6KoueBpN",["node","prefab"],3,1,6],["cc.BlockInputEvents",["node"],3,1],["4d867LSTWNEB7LUL3KAjVve",["dataBind","node"],2,1],["cc.Scene",["_name","_active","_children","_anchorPoint","_trs"],1,2,5,7],["81fb28+15NDNaH9M81MKxwU",["node","tileTextures","animalPrefabs","levelJson","TilePrefab","TileShadow","Line46","Line37","Line19","audio_bgm","audio_unlock","audio_invalid","audio_draw","audio_down","audio_win","audio_link","audio_get_diamond","skinConfig","luckyConfig"],3,1,3,3,6,6,6,6,6,6,6,6,6,6,6,6,6,6,6,6],["cc.Animation",["playOnLoad","node","_clips","_defaultClip"],2,1,3,6],["cc.Camera",["_clearFlags","_depth","node"],1,1],["f51daFLsqdJ/4k4IuDQeRuR",["dataBind","node"],2,1]],[[5,0,1,2],[13,0,1,2,3,4,2],[1,0,6,5,7,8,2],[3,0,1,2,3,4],[4,1,0,3,3],[1,0,6,5,10,11,7,8,2],[2,1,0,3,4,5,3],[2,0,3,4,5,2],[6,0,1,2,3,4,5,7,6,6],[7,0,1,2,3,4,6],[8,0,1,3],[1,0,3,9,5,7,8,3],[1,0,1,9,5,10,7,8,3],[1,0,2,6,9,5,10,11,7,3],[1,0,1,9,5,7,8,3],[1,0,6,9,2],[1,0,6,9,5,7,8,2],[1,0,1,6,9,5,7,8,3],[1,0,1,4,6,5,10,11,7,4],[1,0,2,6,5,7,3],[1,0,3,6,5,10,8,3],[1,0,6,5,8,2],[1,0,2,4,6,5,7,8,4],[1,0,6,5,2],[1,0,6,5,11,7,8,2],[9,0,1,2,3,3],[10,0,1],[11,0,1,2,2],[12,0,1],[3,0,3,2],[2,1,0,3,4,3],[2,1,0,3,3],[2,0,3,5,2],[2,3,4,5,1],[2,2,3,4,5,2],[2,3,4,1],[4,2,0,3,3],[5,1,1],[14,0,1,2,2],[15,0,1,1],[16,0,1,1],[17,0,1],[18,0,1,2],[19,0,1,2,3,4,3],[20,0,1,2,3,4,5,6,7,8,9,10,11,12,13,14,15,16,17,18,1],[21,0,1,2,3,2],[22,0,1,2,3],[23,0,1,2],[6,0,1,2,3,4,5,6,6]],[[[{"name":"Tile_04","rect":[374,252,84,108],"offset":[0,0],"originalSize":[84,108],"capInsets":[0,0,0,0]}],[0],0,[0],[1],[0]],[[{"name":"logo","rect":[3,3,461,243],"offset":[-0.5,0.5],"originalSize":[464,244],"capInsets":[0,0,0,0]}],[0],0,[0],[1],[0]],[[[9,"logoanim",0.16666666666666666,0.2,"22",{"paths":{"Line_46":{"props":{"angle":[{"frame":0,"value":-84},{"frame":0.16666666666666666,"value":-97}]}},"Animals_29":{"props":{"position":[{"frame":0,"value":[-142,-154]},{"frame":0.16666666666666666,"value":[-164,-154]}]}}}}]],0,0,[],[],[]],[[{"name":"glow_00114_alpha","rect":[3,252,256,256],"offset":[0,0],"originalSize":[256,256],"capInsets":[0,0,0,0]}],[0],0,[0],[1],[0]],[[{"name":"btn_ksyx","rect":[265,252,275,103],"offset":[0,-0.5],"originalSize":[275,104],"rotated":1,"capInsets":[0,0,0,0]}],[0],0,[0],[1],[0]],[[{"name":"Tile_13","rect":[464,274,84,108],"offset":[0,0],"originalSize":[84,108],"capInsets":[0,0,0,0]}],[0],0,[0],[1],[0]],[[{"name":"Tile_11","rect":[374,366,84,108],"offset":[0,0],"originalSize":[84,108],"capInsets":[0,0,0,0]}],[0],0,[0],[1],[0]],[[{"name":"Tile_22","rect":[464,388,84,108],"offset":[0,0],"originalSize":[84,108],"capInsets":[0,0,0,0]}],[0],0,[0],[1],[0]],[[{"name":"Tile_14","rect":[374,480,84,108],"offset":[0,0],"originalSize":[84,108],"capInsets":[0,0,0,0]}],[0],0,[0],[1],[0]],[[{"name":"Tile_08","rect":[137,514,84,108],"offset":[0,0],"originalSize":[84,108],"rotated":1,"capInsets":[0,0,0,0]}],[0],0,[0],[1],[0]],[[{"name":"Tile_02","rect":[251,533,84,108],"offset":[0,0],"originalSize":[84,108],"rotated":1,"capInsets":[0,0,0,0]}],[0],0,[0],[1],[0]],[[{"name":"Tile_19","rect":[365,594,84,108],"offset":[0,0],"originalSize":[84,108],"capInsets":[0,0,0,0]}],[0],0,[0],[1],[0]],[[[10,"Main",null],[11,"Canvas","f4LVZ5N/VPPZK3qa96ALSw",[-6,-7,-8,-9,-10,-11],[[25,true,false,-1,[5,750,1334]],[26,-2],[27,true,-3,69],[28,-4],[29,45,-5]],[5,750,1334],[375,667,0,0,0,0,1,1,1,1]],[12,"btn4",false,[-16,-17],[[30,1,0,-13,[61]],[1,3,-15,[[4,"979d2m9WlRN0519FkcUBa5E","click_rank",1]],[4,4292269782],-14]],[0,"96QLrgJZZOJ4eFkYs3fpwz",-12],[5,250,100],[-151,-197,0,0,0,0,1,1,1,0]],[13,"ViewManager",512,1,[-24],[[38,125,-20,-19],[3,45,750,1334,-21],[39,-22,67],[40,-23,68]],[0,"21O8/ECkFIg7BqIG8pNY1v",-18],[4,4278190080],[5,750,1334]],[14,"btn1",false,[-28,-29],[[6,1,0,-25,[56],57],[1,3,-27,[[4,"979d2m9WlRN0519FkcUBa5E","click_share",1]],[4,4292269782],-26]],[5,250,100],[145,-197,0,0,0,0,1,1,1,0]],[15,"main",1,[-30,4,2,-31]],[16,"btn3",5,[-35],[[6,1,0,-32,[50],51],[1,3,-34,[[4,"979d2m9WlRN0519FkcUBa5E","click_play",1]],[4,4292269782],-33]],[5,250,100],[0,0,0,0,0,0,1,1,1,0]],[17,"btn3",false,6,[-39],[[31,1,0,-36],[1,3,-38,[[36,"Main","click_more",1]],[4,4292269782],-37]],[5,250,100],[-1,-403,0,0,0,0,1,1,1,1]],[18,"bg",false,193,3,[[32,0,-40,66],[3,45,2,2,-41],[41,-42]],[0,"26/Ms6uQRHDZfRtSFUupRu",3],[4,4278190080],[5,750,1334]],[19,"New Sprite(Splash)",512,1,[[7,0,-43,[45],46],[3,45,100,100,-44],[42,"Info.selectedSkin",-45]],[5,750,1334]],[43,"New Node",false,[-46,1],[0,0,0],[0,0,0,0,0,0,1,1,1,1]],[20,"Res","13BM14aetLC5XQ1xy+eXG4",10,[[44,-48,[14,15,16,17,18,19,20,21,22,23,24,25,26,27,28,29,30,31,32,33,34,35],[36,37,38,39,40,41,42],0,1,2,3,4,5,6,7,8,9,10,11,12,13,43,44]],[37,-47],[375,667,0,0,0,0,1,1,1,1]],[2,"logo",5,[[33,-49,[62],63],[45,true,-50,[65],64]],[5,461,243],[-18,411,0,0,0,0,1,1.3,1.3,1]],[21,"Main Camera",1,[[46,7,-1,-51]],[0,0,368.9268220121709,0,0,0,1,1,1,1]],[22,"glow_00114_alpha",512,48,1,[[34,1,-52,[47],48]],[5,256,256],[0,-16,0,0,0,0,1,3,3,1]],[23,"wind",1,[[47,"Info.selectedSkin",-53]]],[24,"New Label",7,[[48,"更多游戏模式",32,false,1,1,-54,49]],[4,4283134897],[5,196.25,40],[4,0,0,0,0,0,1,1,1,1]],[2,"New Label",4,[[8,"挑战好友",32,false,1,1,-55,[52],53]],[5,130,32],[20,0,0,0,0,0,1,1,1,1]],[2,"share",4,[[7,0,-56,[54],55]],[5,40,40],[-81,0,0,0,0,0,1,1,1,1]],[5,"New Label",2,[[8,"好友排行",32,false,1,1,-57,[58],59]],[0,"07LeH1krdMz6D0iP8f4slU",2],[4,4278865525],[5,130,32],[19.6,0,0,0,0,0,1,1,1,1]],[5,"android_achievements",2,[[35,-58,[60]]],[0,"e2e8EiyrtEe5riwM43HcJS",2],[4,4278247679],[5,57,47],[-79,0,0,0,0,0,1,1,1,1]]],0,[0,0,1,0,0,1,0,0,1,0,0,1,0,0,1,0,-1,13,0,-2,9,0,-3,14,0,-4,15,0,-5,5,0,-6,3,0,4,2,0,0,2,0,3,2,0,0,2,0,-1,19,0,-2,20,0,4,3,0,8,8,0,0,3,0,0,3,0,0,3,0,0,3,0,-1,8,0,0,4,0,3,4,0,0,4,0,-1,17,0,-2,18,0,-1,6,0,-4,12,0,0,6,0,3,6,0,0,6,0,-1,7,0,0,7,0,3,7,0,0,7,0,-1,16,0,0,8,0,0,8,0,0,8,0,0,9,0,0,9,0,0,9,0,-1,11,0,4,11,0,0,11,0,0,12,0,0,12,0,0,13,0,0,14,0,0,15,0,0,16,0,0,17,0,0,18,0,0,19,0,0,20,0,9,10,1,5,10,2,5,5,4,5,5,58],[0,0,0,0,0,0,0,0,0,0,0,0,0,0,0,0,0,0,0,0,0,0,0,0,0,0,0,0,0,0,0,0,0,0,0,0,0,0,0,0,0,0,0,0,0,0,0,0,0,0,0,0,0,0,0,0,0,0,0,0,0,0,0,0,0,0,0,0,0,0],[10,11,12,13,14,15,16,17,18,19,20,21,22,23,-1,-2,-3,-4,-5,-6,-7,-8,-9,-10,-11,-12,-13,-14,-15,-16,-17,-18,-19,-20,-21,-22,-1,-2,-3,-4,-5,-6,-7,24,25,-1,2,-1,2,6,-1,2,-1,6,-1,2,-1,2,-1,6,-1,-1,-1,2,26,-1,2,7,7,27],[5,6,7,8,9,10,11,12,13,14,3,15,16,17,18,19,20,21,22,23,24,25,26,27,28,29,30,31,32,33,34,35,36,37,38,39,40,41,42,43,44,45,46,47,48,1,49,1,50,2,1,51,1,2,1,52,1,53,1,2,1,1,1,54,4,4,55,56,57,3]],[[{"name":"Tile_10","rect":[455,616,84,108],"offset":[0,0],"originalSize":[84,108],"capInsets":[0,0,0,0]}],[0],0,[0],[1],[0]],[[{"name":"Tile_07","rect":[137,604,84,108],"offset":[0,0],"originalSize":[84,108],"rotated":1,"capInsets":[0,0,0,0]}],[0],0,[0],[1],[0]],[[{"name":"Tile_18","rect":[251,623,84,108],"offset":[0,0],"originalSize":[84,108],"rotated":1,"capInsets":[0,0,0,0]}],[0],0,[0],[1],[0]],[[{"name":"Tile_05","rect":[365,708,84,108],"offset":[0,0],"originalSize":[84,108],"capInsets":[0,0,0,0]}],[0],0,[0],[1],[0]],[[{"name":"white","rect":[0,0,2,2],"offset":[0,0],"originalSize":[2,2],"capInsets":[0,0,0,0]}],[0],0,[0],[1],[58]],[[{"name":"Tile_03","rect":[455,730,84,108],"offset":[0,0],"originalSize":[84,108],"capInsets":[0,0,0,0]}],[0],0,[0],[1],[0]],[[{"name":"Tile_21","rect":[3,648,84,108],"offset":[0,0],"originalSize":[84,108],"rotated":1,"capInsets":[0,0,0,0]}],[0],0,[0],[1],[0]],[[{"name":"Tile_17","rect":[3,738,84,108],"offset":[0,0],"originalSize":[84,108],"rotated":1,"capInsets":[0,0,0,0]}],[0],0,[0],[1],[0]],[[{"name":"Tile_06","rect":[132,694,84,108],"offset":[0,0],"originalSize":[84,108],"rotated":1,"capInsets":[0,0,0,0]}],[0],0,[0],[1],[0]],[[{"name":"Tile_01","rect":[246,713,84,108],"offset":[0,0],"originalSize":[84,108],"rotated":1,"capInsets":[0,0,0,0]}],[0],0,[0],[1],[0]],[[{"name":"Tile_16","rect":[117,784,84,108],"offset":[0,0],"originalSize":[84,108],"rotated":1,"capInsets":[0,0,0,0]}],[0],0,[0],[1],[0]],[[{"name":"Tile_12","rect":[3,828,84,108],"offset":[0,0],"originalSize":[84,108],"rotated":1,"capInsets":[0,0,0,0]}],[0],0,[0],[1],[0]],[[{"name":"Tile_15","rect":[231,803,84,108],"offset":[0,0],"originalSize":[84,108],"rotated":1,"capInsets":[0,0,0,0]}],[0],0,[0],[1],[0]],[[{"name":"Tile_09","rect":[117,874,84,108],"offset":[0,0],"originalSize":[84,108],"rotated":1,"capInsets":[0,0,0,0]}],[0],0,[0],[1],[0]],[[{"name":"Tile_20","rect":[3,918,84,108],"offset":[0,0],"originalSize":[84,108],"rotated":1,"capInsets":[0,0,0,0]}],[0],0,[0],[1],[0]]]]