[1,["1aa9d84a9","ecpdLyjvZBwrvm+cedCcQy","1ewOTzKv1M4plYi/r0tWEm","daWYQauulL7acIjkFTMr5p","36UZrJEItGtoucUnce4ptt","0e26sIcBZCh7YySc+hCq9r","05la81+F1Jbb9lWZ21BWLE","ff5Gm97yxPjZEzORBQuQR9","44+mehIuZF2rzrCfS3izca","37ZoQY89tC4r/IHCmDLh+L","03sxW0liZAC49/5tqsN7Pi","c39HwWdF9GUoZqIWS2Gb1u","74AUH3hJdEGp7NsJeXmYDK","5e2I/4z0NH2YDpLeJdQlBQ","63PLuMG0RObYOpxwKMKwTf","a2wXR2MuhIgZXONphQfVBJ","a0QgrQnENLBqJvKZKJAGOQ","d6/ozvPq9KGZANpz426/22","aed9dqYJlFyp4FftCr+3P5","02WAbLkMNJmLeSCt6s+3Ty","4fmV6P7NdAo7zdNnpvHUks","e8T5PxLW1GeKP6Elay/w5N","caDPoq0JxCxrF7E+C/Fggt","b33wEJcnRENobFP2DrA22z","cd68tm8BtEVYWKDZUMs7Dy","c0MyRaWDhKZqW+UBkCLg07","e9Ljprn1dFKo/yJTU6SYTx","e7jWYX33dD/bs4dJVyrkjV","99vUhY1sZBt5UuoBBcf7cI","e4qJmD5jVF861NbMMVsP7e","78uCUpGIRCnI6whyowlO/3","a1/MradUpJ9qXeIv7Ynn/I","98tH64mT1EmKWYt8X7sXgF","96m4uez5REYpGZ6cK7W1Ju","74HJM4Sd1LGYjaYbsf0OF5","85yMCdFgVFrYiQojqmkSaB","f4hLh3dihK7q+Mb7L8GjfH","ca0bhZoUxCU4WKjlMvSItf","b80vOskTFOqIW+oXaL36XQ","61M1GUehZIvqxKXpddAF14","abrMkugh5AzqFTaLcoB6fi","b5ci2qg/RFZ7KBj1dgx5Iv","78PNvOJhlGLLTLbxirdAoR","a4Wnq0a21EFZgNVy/tGltB","32qc6qRjNMwpoy/FFwGE1e","3ctdBDdp1O15/C+UHeeUIn","ffuVodQApAXJTkYaHq8wRL","02XwVlPUhOBJ74jLxLL09I","6cGGjvhmND2q8cDV6JbLKq","5eyQD+RStDHKuOm6Qa7ZDM","7bMJkuaDhOpqbB2l+KsoXS","ceO9SmnctO+L9JRrTvUlux","bcecQaPpNMNqGDPEHaURWl","c3eYVzDJ9HmJpCRpATOd1L","e7pQgYEo5EFJbZcKW0gKnQ","edDKNPauhIgpvUVhvyyGqd"],["node","_textureSetter","_spriteFrame","root","_N$target","_N$file","prefab","focusNode","stepLabel","timeLabel","levelLabel","tileLayer","modal","scene","_parent","levelJson","TilePrefab","TileShadow","Line46","Line37","Line19","audio_bgm","audio_unlock","audio_invalid","audio_draw","audio_down","audio_win","audio_link","audio_get_diamond","skinConfig","luckyConfig","audio"],["cc.SpriteFrame",["cc.Node",["_name","_active","_id","_opacity","_components","_parent","_contentSize","_trs","_children","_color","_prefab"],-1,9,1,5,7,2,5,4],["cc.Sprite",["_sizeMode","_type","node","_spriteFrame","_materials"],1,1,6,3],["cc.Label",["_string","_lineHeight","_N$horizontalAlign","_N$verticalAlign","_fontSize","_N$fontFamily","_isSystemFontUsed","node","_materials","_N$file"],-4,1,3,6],["cc.Node",["_name","_parent","_components","_color","_contentSize","_trs","_anchorPoint"],2,1,2,5,5,7,5],["cc.Widget",["_alignFlags","_originalWidth","_originalHeight","node"],0,1],["cc.SceneAsset",["_name","asyncLoadAssets"],1],["cc.Node",["_name","_parent","_components","_contentSize","_trs"],2,1,12,5,7],["cc.Canvas",["_fitWidth","_fitHeight","node","_designResolution"],1,1,5],["679c3x/ZwhD8KnIy6p5lX5y",["node","audio"],3,1,6],["6be4flAQQJHL6gxxNXHg9Az",["node"],3,1],["4c9b5SEXlhDAqXGat0NcWmI",["node","tileLayer","levelLabel","timeLabel","stepLabel","focusNode"],3,1,1,1,1,1,1],["c0f79TopoBICobmtQjrjutG",["modalOpacity","node","modal"],2,1,1],["bc48cBqkERHuJx+iKzOzwOV",["node","prefab"],3,1,6],["129ed5o6uNHDKhz6KoueBpN",["node","prefab"],3,1,6],["cc.PrefabInfo",["fileId","root"],2,1],["cc.Button",["_N$transition","node","clickEvents","_N$normalColor","_N$target"],2,1,9,5,1],["cc.ClickEvent",["_componentId","handler","target"],1,1],["cc.BlockInputEvents",["node"],3,1],["4d867LSTWNEB7LUL3KAjVve",["dataBind","node"],2,1],["cc.LabelOutline",["_width","node","_color"],2,1,5],["cc.Scene",["_name","_active","_children","_anchorPoint","_trs"],1,2,5,7],["81fb28+15NDNaH9M81MKxwU",["node","tileTextures","animalPrefabs","colors","levelJson","TilePrefab","TileShadow","Line46","Line37","Line19","audio_bgm","audio_unlock","audio_invalid","audio_draw","audio_down","audio_win","audio_link","audio_get_diamond","skinConfig","luckyConfig"],3,1,3,3,12,6,6,6,6,6,6,6,6,6,6,6,6,6,6,6,6],["cc.Camera",["_clearFlags","_depth","node"],1,1],["f51daFLsqdJ/4k4IuDQeRuR",["dataBind","node"],2,1]],[[3,0,4,1,2,3,5,7,8,7],[5,0,1,2,3,4],[15,0,1,2],[2,0,2,4,3,2],[20,0,1,2,2],[1,0,1,5,8,4,9,6,7,3],[16,0,1,2,3,4,2],[17,0,1,2,3],[3,0,1,6,2,3,7,8,9,6],[3,0,4,1,2,3,7,8,6],[6,0,1,3],[1,0,2,8,4,6,7,3],[1,0,5,8,4,10,9,6,2],[1,0,1,5,8,4,6,7,3],[1,0,5,8,4,6,7,2],[1,0,1,3,5,4,10,9,6,4],[1,0,5,4,6,2],[1,0,5,8,4,9,6,7,2],[1,0,2,5,4,10,7,3],[1,0,5,8,2],[1,0,1,3,5,4,6,7,4],[1,0,5,4,6,7,2],[1,0,5,4,7,2],[1,0,5,4,2],[1,0,5,4,9,6,7,2],[7,0,1,2,3,4,2],[4,0,1,2,3,4,6,5,2],[4,0,1,2,3,4,5,2],[8,0,1,2,3,3],[9,0,1,1],[10,0,1],[11,0,1,2,3,4,5,1],[5,0,3,2],[12,0,1,2,2],[13,0,1,1],[14,0,1,1],[2,1,0,2,4,3,3],[2,0,2,3,2],[18,0,1],[19,0,1,2],[21,0,1,2,3,4,3],[22,0,1,2,3,4,5,6,7,8,9,10,11,12,13,14,15,16,17,18,19,1],[23,0,1,2,3],[24,0,1,2]],[[[{"name":"Tile_04","rect":[374,252,84,108],"offset":[0,0],"originalSize":[84,108],"capInsets":[0,0,0,0]}],[0],0,[0],[1],[0]],[[{"name":"Tile_13","rect":[464,274,84,108],"offset":[0,0],"originalSize":[84,108],"capInsets":[0,0,0,0]}],[0],0,[0],[1],[0]],[[[10,"Game",null],[11,"Canvas","f4LVZ5N/VPPZK3qa96ALSw",[-11,-12,-13,-14,-15,-16,-17,-18,-19,-20],[[28,true,false,-1,[5,750,1334]],[29,-2,66],[30,-3],[31,-9,-8,-7,-6,-5,-4],[32,45,-10]],[5,750,1334],[375,667,0,0,0,0,1,1,1,1]],[12,"ViewManager",1,[-27],[[33,125,-23,-22],[1,45,750,1334,-24],[34,-25,64],[35,-26,65]],[2,"21O8/ECkFIg7BqIG8pNY1v",-21],[4,4278190080],[5,750,1334]],[13,"help",false,1,[-31],[[3,0,-28,[58],59],[6,3,-30,[[7,"4c9b5SEXlhDAqXGat0NcWmI","click_share",1]],[4,4292269782],-29]],[5,70,50],[290,472,0,0,0,0,1,1,1,0]],[14,"btn4",1,[-35],[[36,1,0,-32,[61],62],[6,3,-34,[[7,"4c9b5SEXlhDAqXGat0NcWmI","click_pause",1]],[4,4292269782],-33]],[5,80,80],[-298,462,0,0,0,0,1,1,1,0]],[15,"bg",false,193,2,[[37,0,-36,63],[1,45,2,2,-37],[38,-38]],[2,"54mckxkWJPAIAC5YHckh0e",2],[4,4278190080],[5,750,1334]],[16,"background",1,[[3,0,-39,[45],46],[1,45,100,100,-40],[39,"Info.selectedSkin",-41]],[5,750,1334]],[17,"label",1,[-44],[[0,"关卡：",50,50,1,1,"黑体",-42,[56]],[4,2,-43,[4,4282339449]]],[4,4289377018],[5,154,67],[0,477,0,0,0,0,1,1,1,1]],[40,"New Node",false,[-45,1],[0,0,0],[0,0,0,0,0,0,1,1,1,1]],[18,"Res","13BM14aetLC5XQ1xy+eXG4",8,[[41,-47,[14,15,16,17,18,19,20,21,22,23,24,25,26,27,28,29,30,31,32,33,34,35],[36,37,38,39,40,41,42],[[[4,4278255595],[4,4290405119],[4,4278255615],[4,4292520519],[4,4286559300],[4,4278216447],[4,4282675638],[4,4289933961]],8,8,8,8,8,8,8,8],0,1,2,3,4,5,6,7,8,9,10,11,12,13,43,44]],[2,"13BM14aetLC5XQ1xy+eXG4",-46],[375,667,0,0,0,0,1,1,1,1]],[19,"gameLayer",1,[-48]],[20,"c_w100",false,125,10,[[3,0,-49,[47],48]],[5,138,138],[-190,-56,0,0,0,0,1,1,1,1]],[5,"label",false,1,[-51],[[8,"步数：",32,false,1,1,-50,[50],51]],[4,4278278717],[5,76.25,32],[-140,436,0,0,0,0,1,1,1,1]],[5,"label",false,1,[-53],[[8,"时间：",32,false,1,1,-52,[53],54]],[4,4278278717],[5,76.25,32],[59,436,0,0,0,0,1,1,1,1]],[25,"label",7,[[-54,[4,2,-55,[4,4284636255]]],1,4],[5,54,67],[83.384,-3.3070000000000004,0,0,0,0,1,1,1,1]],[21,"New Label",3,[[0,"请求帮助",25,30,1,1,"黑体",-56,[57]],[4,3,-57,[4,4278190080]]],[5,106,43.8],[0,-41,0,0,0,0,1,1,1,1]],[22,"Main Camera",1,[[42,7,-1,-58]],[0,0,368.9268220121709,0,0,0,1,1,1,1]],[23,"wind",1,[[43,"Info.selectedSkin",-59]]],[26,"New Label",12,[-60],[4,4280109311],[5,16.68,40.32],[0,0,0.5],[54,0,0,0,0,0,1,1,1,1]],[9,"0",30,32,1,1,18,[49]],[27,"New Label",13,[-61],[4,4280109311],[5,17.8,40.32],[76,0,0,0,0,0,1,1,1,1]],[9,"0",32,32,1,1,20,[52]],[0,"99",50,50,1,1,"黑体",14,[55]],[24,"New Label",4,[[0,"首页",36,36,1,1,"黑体",-62,[60]]],[4,4285818123],[5,72,45.36],[0,-58.942,0,0,0,0,1,1,1,1]]],0,[0,0,1,0,0,1,0,0,1,0,7,11,0,8,19,0,9,21,0,10,22,0,11,10,0,0,1,0,0,1,0,-1,16,0,-2,6,0,-3,17,0,-4,10,0,-5,12,0,-6,13,0,-7,7,0,-8,3,0,-9,4,0,-10,2,0,3,2,0,12,5,0,0,2,0,0,2,0,0,2,0,0,2,0,-1,5,0,0,3,0,4,3,0,0,3,0,-1,15,0,0,4,0,4,4,0,0,4,0,-1,23,0,0,5,0,0,5,0,0,5,0,0,6,0,0,6,0,0,6,0,0,7,0,0,7,0,-1,14,0,-1,9,0,3,9,0,0,9,0,-1,11,0,0,11,0,0,12,0,-1,18,0,0,13,0,-1,20,0,-1,22,0,0,14,0,0,15,0,0,15,0,0,16,0,0,17,0,-1,19,0,-1,21,0,0,23,0,13,8,1,14,8,62],[0,0,0,0,0,0,0,0,0,0,0,0,0,0,0,0,0,0,0,0,0,0,0,0,0,0,0,0,0,0,0,0,0,0,0,0,0,0,0,0,0,0,0,0,0,0,0,0,0,0,0,0,0,0,0,0,0,0,0,0,0,0,0,0,0,0,0],[15,16,17,18,19,20,21,22,23,24,25,26,27,28,-1,-2,-3,-4,-5,-6,-7,-8,-9,-10,-11,-12,-13,-14,-15,-16,-17,-18,-19,-20,-21,-22,-1,-2,-3,-4,-5,-6,-7,29,30,-1,2,-1,2,-1,-1,5,-1,-1,5,-1,-1,-1,-1,2,-1,-1,2,2,6,6,31],[4,5,6,7,8,9,10,11,12,13,2,14,15,16,17,18,19,20,21,22,23,24,25,26,27,28,29,30,31,32,33,34,35,36,37,38,39,40,41,42,43,44,45,46,47,1,48,1,49,1,1,3,1,1,3,1,1,1,1,50,1,1,51,52,53,54,2]],[[{"name":"c_w100","rect":[3,514,128,128],"offset":[0,0],"originalSize":[128,128],"capInsets":[0,0,0,0]}],[0],0,[0],[1],[0]],[[{"name":"Tile_11","rect":[374,366,84,108],"offset":[0,0],"originalSize":[84,108],"capInsets":[0,0,0,0]}],[0],0,[0],[1],[0]],[[{"name":"Tile_22","rect":[464,388,84,108],"offset":[0,0],"originalSize":[84,108],"capInsets":[0,0,0,0]}],[0],0,[0],[1],[0]],[[{"name":"help","rect":[470,181,87,69],"offset":[0,0],"originalSize":[87,69],"rotated":1,"capInsets":[0,0,0,0]}],[0],0,[0],[1],[0]],[[{"name":"Tile_14","rect":[374,480,84,108],"offset":[0,0],"originalSize":[84,108],"capInsets":[0,0,0,0]}],[0],0,[0],[1],[0]],[[{"name":"Tile_08","rect":[137,514,84,108],"offset":[0,0],"originalSize":[84,108],"rotated":1,"capInsets":[0,0,0,0]}],[0],0,[0],[1],[0]],[[{"name":"Tile_02","rect":[251,533,84,108],"offset":[0,0],"originalSize":[84,108],"rotated":1,"capInsets":[0,0,0,0]}],[0],0,[0],[1],[0]],[[{"name":"Tile_19","rect":[365,594,84,108],"offset":[0,0],"originalSize":[84,108],"capInsets":[0,0,0,0]}],[0],0,[0],[1],[0]],[[{"name":"Tile_10","rect":[455,616,84,108],"offset":[0,0],"originalSize":[84,108],"capInsets":[0,0,0,0]}],[0],0,[0],[1],[0]],[[{"name":"Tile_07","rect":[137,604,84,108],"offset":[0,0],"originalSize":[84,108],"rotated":1,"capInsets":[0,0,0,0]}],[0],0,[0],[1],[0]],[[{"name":"Tile_18","rect":[251,623,84,108],"offset":[0,0],"originalSize":[84,108],"rotated":1,"capInsets":[0,0,0,0]}],[0],0,[0],[1],[0]],[[{"name":"Tile_05","rect":[365,708,84,108],"offset":[0,0],"originalSize":[84,108],"capInsets":[0,0,0,0]}],[0],0,[0],[1],[0]],[[{"name":"white","rect":[0,0,2,2],"offset":[0,0],"originalSize":[2,2],"capInsets":[0,0,0,0]}],[0],0,[0],[1],[55]],[[{"name":"Tile_03","rect":[455,730,84,108],"offset":[0,0],"originalSize":[84,108],"capInsets":[0,0,0,0]}],[0],0,[0],[1],[0]],[[{"name":"Tile_21","rect":[3,648,84,108],"offset":[0,0],"originalSize":[84,108],"rotated":1,"capInsets":[0,0,0,0]}],[0],0,[0],[1],[0]],[[{"name":"Tile_17","rect":[3,738,84,108],"offset":[0,0],"originalSize":[84,108],"rotated":1,"capInsets":[0,0,0,0]}],[0],0,[0],[1],[0]],[[{"name":"Tile_06","rect":[132,694,84,108],"offset":[0,0],"originalSize":[84,108],"rotated":1,"capInsets":[0,0,0,0]}],[0],0,[0],[1],[0]],[[{"name":"icon_fh","rect":[193,973,69,44],"offset":[0,0],"originalSize":[69,44],"capInsets":[0,0,0,0]}],[0],0,[0],[1],[0]],[[{"name":"Tile_01","rect":[246,713,84,108],"offset":[0,0],"originalSize":[84,108],"rotated":1,"capInsets":[0,0,0,0]}],[0],0,[0],[1],[0]],[[{"name":"Tile_16","rect":[117,784,84,108],"offset":[0,0],"originalSize":[84,108],"rotated":1,"capInsets":[0,0,0,0]}],[0],0,[0],[1],[0]],[[{"name":"Tile_12","rect":[3,828,84,108],"offset":[0,0],"originalSize":[84,108],"rotated":1,"capInsets":[0,0,0,0]}],[0],0,[0],[1],[0]],[[{"name":"Tile_15","rect":[231,803,84,108],"offset":[0,0],"originalSize":[84,108],"rotated":1,"capInsets":[0,0,0,0]}],[0],0,[0],[1],[0]],[[{"name":"Tile_09","rect":[117,874,84,108],"offset":[0,0],"originalSize":[84,108],"rotated":1,"capInsets":[0,0,0,0]}],[0],0,[0],[1],[0]],[[{"name":"Tile_20","rect":[3,918,84,108],"offset":[0,0],"originalSize":[84,108],"rotated":1,"capInsets":[0,0,0,0]}],[0],0,[0],[1],[0]]]]