[1,["1ea68fbc1","1cL0Jrfe5EpLXkgxaGX98O","daWYQauulL7acIjkFTMr5p","d2LcCPn09K7YEsqoepKNRC","afFj6rBQhPrb2zy/vrRWH7","81xDhkDLxE24HAFGcPmu+F","3afLPdlx5IZ6ZPQn2+bXha"],["node","value","_textureSetter","_N$file","_spriteFrame","root","_N$target","target","data","_defaultClip"],["cc.SpriteFrame",["cc.Node",["_name","_zIndex","_components","_prefab","_children","_contentSize","_trs","_parent"],1,9,4,2,5,7,1],["cc.Sprite",["_type","_sizeMode","node","_spriteFrame"],1,1,6],["cc.Prefab",["_name"],2],["cc.Widget",["_alignFlags","node"],2,1],["e1217OaHDFCEbPP4vjLJXLh",["isDialog","node"],2,1],["cc.Button",["node","clickEvents","_N$normalColor","_N$target"],3,1,9,5,1],["cc.ClickEvent",["component","handler","target"],1,1],["cc.PrefabInfo",["fileId","root"],2,1],["cc.Animation",["playOnLoad","node","_clips","_defaultClip"],2,1,3,6],["cc.Label",["_string","_lineHeight","_isSystemFontUsed","_N$horizontalAlign","_N$verticalAlign","node","_N$file"],-2,1,6],["cc.AnimationClip",["_name","_duration","speed","wrapMode","curveData"],-1,11]],[[8,0,1,2],[1,0,1,7,2,3,5,6,3],[10,0,1,2,3,4,5,6,6],[3,0,2],[1,0,1,4,2,3,5,6,3],[1,0,1,7,4,2,3,3],[4,0,1,2],[5,0,1,2],[6,0,1,2,3,1],[7,0,1,2,3],[9,0,1,2,3,2],[2,2,3,1],[2,0,1,2,3,3],[11,0,1,2,3,4,5]],[[[{"name":"click_hn_0","rect":[201,109,28,46],"offset":[0,0],"originalSize":[28,46],"capInsets":[0,0,0,0]}],[0],0,[0],[2],[0]],[[{"name":"click_hn_2","rect":[224,209,28,38],"offset":[0,-4],"originalSize":[28,46],"capInsets":[0,0,0,0]}],[0],0,[0],[2],[0]],[[{"name":"jiantou02","rect":[207,362,32,34],"offset":[0,0],"originalSize":[32,34],"capInsets":[5,0,17,0]}],[0],0,[0],[2],[0]],[[{"name":"click_hn_1","rect":[207,315,28,41],"offset":[0,-2.5],"originalSize":[28,46],"capInsets":[0,0,0,0]}],[0],0,[0],[2],[0]],[[[3,"OpenGuide"],[4,"View",0,[-7,-8,-9],[[6,45,-2],[7,true,-3],[8,-6,[[9,"View","hide",-5]],[4,4292269782],-4]],[0,"94RfN9QahL/4u5e+rWymIF",-1],[5,750,1334],[375,667,0,0,0,0,1,1,1,1]],[5,"guide",0,1,[-11,-12],[[10,true,-10,[5],4]],[0,"acvYu9obJH15jZP2BlBmnj",1]],[1,"label",0,1,[[2,"连接相同的2个动物",32,false,1,1,-13,0]],[0,"cbAweHE2hPdLxnL9uVaGqI",1],[5,278.75,40],[0,214,0,0,0,0,1,1,1,1]],[1,"label",0,1,[[2,"点击任意处关闭",32,false,1,1,-14,1]],[0,"22aL0QyB1G/Yicec/pCmdd",1],[5,227.5,40],[0,-169,0,0,0,0,1,1,1,1]],[1,"click_hn_0",0,2,[[11,-15,2]],[0,"a5aLxbrjxOK500rpiJgJ4d",1],[5,28,46],[-75,6,0,0,0,0,1,1,1,1]],[1,"jiantou02",0,2,[[12,1,0,-16,3]],[0,"eci/cw2zFKSqU11imNDQf/",1],[5,30,20],[0,57,0,0,0,0,1,1,1,1]]],0,[0,5,1,0,0,1,0,0,1,0,6,1,0,7,1,0,0,1,0,-1,3,0,-2,4,0,-3,2,0,0,2,0,-1,5,0,-2,6,0,0,3,0,0,4,0,0,5,0,0,6,0,8,1,16],[0,0,0,0,0,0],[3,3,4,4,9,-1],[2,2,1,5,3,3]],[[[13,"guideanim",0.5,0.4,"2",[{},"paths",11,[{},"click_hn_0",11,[{"props":{"x":[{"frame":0,"value":-75},{"frame":0.16666666666666666,"value":-75,"curve":"cubicOut"},{"frame":0.2833333333333333,"value":100},{"frame":0.5,"value":-75}]}},"comps",11,[{},"cc.Sprite",11,[{},"spriteFrame",12,[[[{"frame":0},"value",6,0],[{"frame":0.03333333333333333},"value",6,1],[{"frame":0.08333333333333333},"value",6,2],[{"frame":0.25},"value",6,3],[{"frame":0.2833333333333333},"value",6,4]],11,11,11,11,11]]]]]]]],0,0,[0,0,0,0,0],[1,1,1,1,1],[1,4,6,4,1]]]]