[1,["ecpdLyjvZBwrvm+cedCcQy","09TZ4wD/pLi4XzfI6kpeB/","1ea68fbc1","4bX02/5p9Fk4LpJFGA7GyY","a3stAhjJRIDp7erQ4SVuf/"],["node","_textureSetter","root","label","data","_spriteFrame","_defaultClip"],[["cc.PrefabInfo",["fileId","root"],2,1],"cc.SpriteFrame",["cc.AnimationClip",["_name","_duration","curveData"],1,11],["cc.Prefab",["_name"],2],["cc.Node",["_name","_zIndex","_children","_components","_prefab","_contentSize","_anchorPoint"],1,2,9,4,5,5],["cc.Node",["_name","_zIndex","_parent","_components","_prefab","_contentSize","_trs"],1,1,12,4,5,7],["cc.Sprite",["_type","_sizeMode","node","_materials","_spriteFrame"],1,1,3,6],["cc.Animation",["node","_clips","_defaultClip"],3,1,3,6],["c4ad6Rf0DpFeay8D3aly6IU",["node","label"],3,1,1],["cc.Layout",["_resize","_N$layoutType","_N$paddingLeft","_N$paddingRight","_N$paddingTop","_N$paddingBottom","node","_layoutSize"],-3,1,5],["cc.LabelOutline",["_width","node","_color"],2,1,5],["cc.Label",["_srcBlendFactor","_string","_fontSize","_N$horizontalAlign","_N$verticalAlign","_N$fontFamily","node","_materials"],-3,1,3]],[[2,0,1,2,3],[3,0,2],[4,0,1,2,3,4,5,6,3],[5,0,1,2,3,4,5,6,3],[6,0,1,2,3,4,3],[7,0,1,2,1],[8,0,1,1],[9,0,1,2,3,4,5,6,7,7],[0,1,1],[0,0,1,2],[10,0,1,2,2],[11,0,1,2,3,4,5,6,7,7]],[[[{"name":"btn3","rect":[105,604,198,67],"offset":[0,0],"originalSize":[198,67],"rotated":1,"capInsets":[15,15,15,15]}],[1],0,[0],[1],[2]],[[[0,"ScaleAndFade",0.18333333333333332,[{},"props",11,[{"opacity":[{"frame":0,"value":255,"curve":"quintOut"},{"frame":0.18333333333333332,"value":0}]},"scale",12,[[[{"frame":0,"curve":"quartOut"},"value",8,[0,1,1]],[{"frame":0.18333333333333332},"value",8,[0,2,2]]],11,11]]]]],0,0,[],[],[]],[[[1,"MyToast"],[2,"di_gk",0,[-7],[[4,1,0,-2,[1],2],[5,-3,[4,5],3],[6,-5,-4],[7,1,1,20,20,10,10,-6,[5,190,60]]],[8,-1],[5,190,60],[0,0.51,0.55]],[3,"New Label",0,1,[[-8,[10,3,-9,[4,4278190080]]],1,4],[9,"294d5AfmpOrp/wi+GpDeBP",1],[5,150,56.4],[-1.9000000000000057,-3,0,0,0,0,1,1,1,1]],[11,1,"123456789",32,1,1,"黑体",2,[0]]],0,[0,2,1,0,0,1,0,0,1,0,3,3,0,0,1,0,0,1,0,-1,2,0,-1,3,0,0,2,0,4,1,9],[0,0,0,0,0,0],[-1,-1,5,6,-1,-2],[0,0,3,1,1,4]]]]