[1,["1ea68fbc1","78ZetTI25Iz6bz5NzNawTa","daWYQauulL7acIjkFTMr5p","d2TzH39ZxBeJjdxS7f0Y3L"],["node","_spriteFrame","_textureSetter","root","_N$target","data","_N$file"],[["cc.Node",["_name","_zIndex","_components","_prefab","_contentSize","_trs","_parent","_children","_color"],1,9,4,5,7,1,2,5],["cc.Sprite",["_sizeMode","_type","node","_spriteFrame"],1,1,6],"cc.SpriteFrame",["cc.Prefab",["_name"],2],["cc.Widget",["_alignFlags","node"],2,1],["e1217OaHDFCEbPP4vjLJXLh",["isDialog","opacity","node"],1,1],["80fd3Nn4dFF45QylMONs3ro",["node"],3,1],["cc.PrefabInfo",["fileId","root"],2,1],["cc.Button",["_N$transition","node","clickEvents","_N$normalColor","_N$target"],2,1,9,5,1],["cc.ClickEvent",["component","handler","target"],1,1],["cc.Label",["_string","_lineHeight","_isSystemFontUsed","_N$horizontalAlign","_N$verticalAlign","node","_N$file"],-2,1,6],["cc.SubContextView",["node"],3,1]],[[7,0,1,2],[0,0,1,6,2,3,4,5,3],[3,0,2],[0,0,1,7,2,3,4,5,3],[0,0,1,6,7,2,3,4,5,3],[0,0,1,6,2,3,8,4,3],[4,0,1,2],[5,0,1,2,3],[6,0,1],[1,0,2,3,2],[1,1,0,2,3,3],[8,0,1,2,3,4,2],[9,0,1,2,3],[10,0,1,2,3,4,5,6,6],[11,0,1]],[[[{"name":"frame3","rect":[124,3,100,100],"offset":[0,0],"originalSize":[100,100],"capInsets":[16,16,16,16]}],[2],0,[0],[2],[0]],[[[2,"WxRankDialog"],[3,"View",0,[-5,-6,-7],[[6,45,-2],[7,true,200,-3],[8,-4]],[0,"94RfN9QahL/4u5e+rWymIF",-1],[5,750,1334],[375,667,0,0,0,0,1,1,1,1]],[4,"btn4",0,1,[-11],[[9,0,-8,2],[11,3,-10,[[12,"WxRankDialog","click_close",1]],[4,4292269782],-9]],[0,"a0M5B9e9hBsLyV0pZF0a6/",1],[5,200,80],[-9,-367,0,0,0,0,1,1,1,1]],[1,"frame3",0,1,[[10,1,0,-12,0]],[0,"4diT6IbftP4Yt4YloDSmMX",1],[5,580,808],[0,81,0,0,0,0,1,1,1,1]],[5,"New Label",0,2,[[13,"关闭",32,false,1,1,-13,1]],[0,"0fpDwJTVlERqz03aBxH5ad",1],[4,4278865525],[5,65,40]],[1,"display",0,1,[[14,-14]],[0,"20jJnz+o9D1qUTFc1Nn24i",1],[5,580,928],[0,81,0,0,0,0,1,1,1,1]]],0,[0,3,1,0,0,1,0,0,1,0,0,1,0,-1,3,0,-2,2,0,-3,5,0,0,2,0,4,2,0,0,2,0,-1,4,0,0,3,0,0,4,0,0,5,0,5,1,14],[0,0,0],[1,6,1],[1,2,3]]]]