[1,["84v2IszPdEGY0vE+D4TdzV","1aa9d84a9","efZ7Pd7nlNlrpP5VVE+WuY","f0BIwQ8D5Ml7nTNQbh1YlS","bcecQaPpNMNqGDPEHaURWl","e97GVMl6JHh5Ml5qEDdSGa","29FYIk+N1GYaeWH/q1NxQO","92BcpxjTFP5azYlxZwzr5l","d6/ozvPq9KGZANpz426/22","71VhFCTINJM6/Ky3oX9nBT","3bgV0RrzhNfrgJTy9PCAXQ","ecpdLyjvZBwrvm+cedCcQy","80kas3Ck9FeYSVKCpwKWZ/","33QjOsft1Op4ssE+PYgwLh","00C8TX+2NBzKFhT7t/lLSz","c6nnU6K0VDg4sZdYNO/SE9","40A20bg7BDqYuwSYpJ6xE6","8aYo0XBrZNUrMNjZW21dTH","2e9kATRz1Hu6wFSg6T+fTG","dess5wNoRF06SvEFGEN3Ma","edDKNPauhIgpvUVhvyyGqd","f7nPpmYDxOK7aj2LL9+0Ld","c0i8VZfGJM0ou324MWb5OO","b4P/PCArtIdIH38t6mlw8Y","e8Ueib+qJEhL6mXAHdnwbi","aabTiQcGNHnqAkP2hFsyBJ","4fsRaM1llDAqlbFfkZkDtz"],["node","_textureSetter","_spriteFrame","root","data","sprite","_defaultClip","_N$target","_parent","_N$normalSprite","_N$pressedSprite","_N$hoverSprite","_N$disabledSprite","_baseSprite","group_ok","group_ok_cancel","btn_cancel","btn_ok","node_content","node_title"],["cc.SpriteFrame",["cc.Node",["_name","_zIndex","_components","_prefab","_contentSize","_children","_trs","_parent","_anchorPoint","_color"],1,9,4,5,2,7,1,5,5],["cc.Node",["_name","_zIndex","_opacity","_prefab","_components","_contentSize","_parent","_trs","_children","_anchorPoint"],0,4,12,5,1,7,2,5],["cc.Sprite",["_sizeMode","_type","node","_spriteFrame","_materials"],1,1,6,3],["cc.Label",["_srcBlendFactor","_string","_N$horizontalAlign","_N$verticalAlign","_N$overflow","_enableWrapText","_fontSize","node"],-4,1],["cc.PrefabInfo",["fileId","root"],2,1],["cc.Animation",["node","_clips","_defaultClip"],3,1,3,6],["cc.AnimationClip",["_name","_duration","speed","wrapMode","curveData"],-1,11],["cc.Widget",["_alignFlags","_enabled","node"],1,1],["cc.JsonAsset",["_name","json"],1],["cc.AudioClip",["_name","_native","duration"],0],["cc.Prefab",["_name"],2],["cc.Node",["_name","_zIndex","_parent","_components","_prefab","_contentSize","_trs"],1,1,2,4,5,7],["64d50rBFZhG5qLba7sOg6x9",["node","_baseSprite"],3,1,1],["ba634us93lPYrBZpOaL4ofo",["node","sprite"],3,1,1],["cc.AnimationClip",["_name","_duration","curveData"],0],["e1217OaHDFCEbPP4vjLJXLh",["isDialog","opacity","node"],1,1],["5d14c63Zc1PupexE+EkksQp",["node","node_title","node_content","btn_ok","btn_cancel","group_ok_cancel","group_ok"],3,1,1,1,1,1,1,1],["cc.BlockInputEvents",["node"],3,1],["cc.Button",["_N$transition","node","clickEvents","_N$normalColor","_N$pressedColor","_N$disabledColor","_N$target","_N$normalSprite","_N$pressedSprite","_N$hoverSprite","_N$disabledSprite"],2,1,9,5,5,5,1,6,6,6,6],["cc.ClickEvent",["component","handler","target"],1,1]],[[5,0,1,2],[11,0,2],[3,2,1],[10,0,1,2,4],[2,0,1,6,4,3,5,9,7,3],[14,0,1,1],[6,0,1,2,1],[1,0,1,5,2,3,4,3],[3,1,0,2,3,3],[9,0,1,3],[2,0,1,8,3,3],[1,0,1,7,2,3,4,6,3],[1,0,1,5,2,3,3],[1,0,1,5,2,3,9,4,6,3],[1,0,1,7,2,3,4,3],[19,0,1,2,3,4,5,6,7,8,9,10,2],[20,0,1,2,3],[4,0,1,6,5,2,3,4,7,8],[2,0,1,6,8,3,7,3],[12,0,1,2,3,4,5,6,3],[13,0,1,1],[3,2,3,1],[2,0,2,1,4,3,5,4],[2,0,1,4,3,5,3],[1,0,1,5,2,3,4,6,3],[1,0,1,7,5,2,3,4,8,6,3],[5,1,1],[3,0,2,2],[3,2,4,3,1],[6,0,1,1],[7,0,1,2,3,4,5],[7,0,1,4,3],[15,0,1,2,4],[8,0,2,2],[8,1,0,2,3],[16,0,1,2,3],[17,0,1,2,3,4,5,6,1],[18,0,1],[4,0,1,5,2,3,4,7,7],[4,0,1,2,3,4,7,6]],[[[{"name":"Line_37","rect":[117,964,51,70],"offset":[0,0],"originalSize":[51,70],"rotated":1,"capInsets":[0,0,0,0]}],[0],0,[0],[1],[1]],[[[9,"lucky",[{"area_id":"801","gold_reward":"50","chance":"40.00%"},{"area_id":"802","gold_reward":"300","chance":"1.50%"},{"area_id":"805","gold_reward":"随机皮肤","chance":"0.50%"},{"area_id":"803","gold_reward":"30","chance":"50.00%"},{"area_id":"804","gold_reward":"180","chance":"3.00%"},{"area_id":"806","gold_reward":"100","chance":"5.00%"}]]],0,0,[],[],[]],[[[3,"bgm",".mp3",103.485333],-1],0,0,[],[],[]],[[[1,"TileShadow"],[22,"HexTile",115,0,[[-2,[20,-4,-3]],1,4],[0,"c0cnbcbRJNn7c8f0q2AIky",-1],[5,93,118]],[27,0,1]],0,[0,3,1,0,-1,2,0,13,2,0,0,1,0,4,1,4],[2],[2],[7]],[[[1,"HexTile"],[23,"HexTile",0,[[-2,[20,-4,-3]],1,4],[0,"c0cnbcbRJNn7c8f0q2AIky",-1],[5,84,108]],[2,1]],0,[0,3,1,0,-1,2,0,13,2,0,0,1,0,4,1,4],[2],[2],[8]],[[{"name":"default_btn_disabled","rect":[0,0,40,40],"offset":[0,0],"originalSize":[40,40],"capInsets":[12,12,12,12]}],[0],0,[0],[1],[9]],[[{"name":"Animals_29","rect":[470,97,78,79],"offset":[0,0],"originalSize":[88,79],"rotated":1,"capInsets":[0,0,0,0]}],[0],0,[0],[1],[1]],[[[1,"5"],[7,"Animal",0,[-4],[[5,-3,-2]],[0,"38gbzEj9hHnIJSbQcH8yXm",-1],[5,56,62]],[4,"New Node",0,1,[[-5,[6,-6,[1,2],0]],1,4],[0,"dfNoHT3ZpNx6psfPCHm99u",1],[5,66,65],[0,0.5,0],[1,-1,0,0,0,0,1,1,1,1]],[2,2]],0,[0,3,1,0,5,3,0,0,1,0,-1,2,0,-1,3,0,0,2,0,4,1,6],[0,0,0,3],[6,-1,-2,2],[0,0,2,10]],[[{"name":"Animals_63","rect":[400,922,74,74],"offset":[0,-2.5],"originalSize":[88,79],"capInsets":[0,0,0,0]}],[0],0,[0],[1],[1]],[[[9,"level",{"levels":[{"level":0,"size":1,"mincol":3,"figure":[[0,0,1],[0,2,1]]},{"level":1,"size":1,"mincol":3,"figure":[[0,0,1],[0,2,1]]},{"level":2,"size":3,"mincol":3,"figure":[[0,0,1],[0,2,1],[1,0,2],[2,2,2]]},{"level":3,"size":3,"mincol":4,"figure":[[0,0,1],[1,2,1],[1,1,2],[1,4,2],[2,3,3],[2,2,3]]},{"level":4,"size":3,"mincol":4,"figure":[[0,1,1],[1,0,1],[0,2,2],[1,4,2],[1,1,3],[1,3,3],[2,0,4],[2,3,4]]},{"level":5,"size":3,"mincol":4,"figure":[[0,0,1],[1,2,1],[0,1,2],[1,3,2],[0,3,3],[2,2,3],[1,0,4],[2,1,4]]},{"level":6,"size":5,"mincol":3,"figure":[[0,2,1],[3,0,1],[1,2,2],[3,2,2],[1,1,3],[2,3,3]]},{"level":7,"size":5,"mincol":3,"figure":[[2,3,1],[4,1,1],[2,2,2],[4,2,2],[0,0,3],[2,4,3]]},{"level":8,"size":5,"mincol":3,"figure":[[1,2,1],[4,2,1],[0,2,2],[3,2,2],[0,1,3],[2,0,3],[1,1,4],[4,0,4]]},{"level":9,"size":5,"mincol":3,"figure":[[1,2,1],[4,0,1],[2,3,2],[4,2,2],[2,4,3],[3,1,3],[0,0,4],[2,0,4]]},{"level":10,"size":5,"mincol":3,"figure":[[2,1,1],[2,4,1],[1,3,2],[3,0,2],[1,1,3],[2,3,3],[4,0,4],[4,2,4]]},{"level":11,"size":5,"mincol":3,"figure":[[1,1,1],[2,4,1],[1,3,2],[2,1,2],[0,2,3],[2,2,3],[0,0,4],[0,1,4]]},{"level":12,"size":5,"mincol":3,"figure":[[0,2,1],[2,4,1],[1,2,2],[1,3,2],[0,0,3],[3,1,3],[3,2,4],[4,0,4]]},{"level":13,"size":5,"mincol":3,"figure":[[0,1,1],[3,2,1],[1,3,2],[2,4,2],[0,0,3],[4,1,3],[2,1,4],[2,2,4]]},{"level":14,"size":5,"mincol":3,"figure":[[1,3,1],[2,1,1],[1,1,2],[3,1,2],[0,0,3],[1,2,3],[3,2,4],[4,0,4]]},{"level":15,"size":5,"mincol":3,"figure":[[2,4,1],[4,2,1],[1,1,2],[2,2,2],[2,3,3],[3,3,3],[2,1,4],[3,2,4]]},{"level":16,"size":7,"mincol":3,"figure":[[1,1,1],[6,2,1],[0,2,2],[4,3,2],[0,1,3],[3,5,3],[0,0,4],[2,0,4],[2,1,5],[3,0,5]]},{"level":17,"size":7,"mincol":3,"figure":[[4,1,1],[6,1,1],[2,3,2],[5,2,2],[2,2,3],[3,0,3],[0,2,4],[1,1,4]]},{"level":18,"size":7,"mincol":3,"figure":[[1,1,1],[4,4,1],[1,2,2],[3,3,2],[1,3,3],[3,1,3],[4,0,4],[6,2,4]]},{"level":19,"size":7,"mincol":3,"figure":[[3,5,1],[4,3,1],[2,4,2],[3,4,2],[2,1,3],[3,0,3],[3,1,4],[4,0,4],[2,2,5],[3,3,5]]},{"level":20,"size":7,"mincol":3,"figure":[[2,2,1],[5,1,1],[3,2,2],[6,0,2],[4,4,3],[5,0,3],[1,1,4],[4,3,4]]},{"level":21,"size":7,"mincol":3,"figure":[[1,2,1],[3,4,1],[3,2,2],[3,5,2],[3,0,3],[4,4,3],[2,0,4],[0,2,4]]},{"level":22,"size":7,"mincol":3,"figure":[[2,2,1],[6,0,1],[0,2,2],[6,1,2],[2,4,3],[6,2,3],[0,1,4],[4,0,4],[1,2,5],[3,1,5],[3,4,6],[5,2,6]]},{"level":23,"size":7,"mincol":3,"figure":[[1,0,1],[4,3,1],[0,2,2],[3,2,2],[1,1,3],[4,2,3],[3,0,4],[6,2,4],[2,0,5],[2,1,5]]},{"level":24,"size":7,"mincol":3,"figure":[[2,1,1],[2,4,1],[1,3,2],[3,3,2],[3,4,3],[5,1,3],[4,0,4],[5,2,4]]},{"level":25,"size":7,"mincol":3,"figure":[[1,2,1],[6,0,1],[2,3,2],[6,2,2],[3,5,3],[4,1,3],[2,1,4],[5,0,4]]},{"level":26,"size":7,"mincol":3,"figure":[[2,2,1],[5,2,1],[2,3,2],[4,2,2],[3,1,3],[3,5,3],[0,2,4],[4,0,4],[5,0,5],[5,3,5]]},{"level":27,"size":7,"mincol":3,"figure":[[2,1,1],[6,0,1],[2,3,2],[5,0,2],[0,0,3],[3,3,3],[3,5,4],[4,3,4],[3,1,5],[5,1,5]]},{"level":28,"size":7,"mincol":3,"figure":[[0,0,1],[3,3,1],[0,1,2],[3,5,2],[2,3,3],[5,0,3],[1,0,4],[5,2,4],[2,1,5],[4,3,5]]},{"level":29,"size":7,"mincol":3,"figure":[[0,1,1],[6,2,1],[1,1,2],[4,4,2],[2,2,3],[2,4,3],[3,2,4],[3,5,4],[2,3,5],[3,3,5]]},{"level":30,"size":7,"mincol":3,"figure":[[0,0,1],[4,3,1],[4,2,2],[3,5,2],[2,1,3],[1,3,3],[1,2,4],[3,2,4],[3,0,5],[6,1,5],[3,4,6],[6,2,6]]},{"level":31,"size":7,"mincol":3,"figure":[[3,3,1],[6,1,1],[3,4,2],[6,0,2],[0,2,3],[5,0,3],[1,1,4],[4,1,4],[1,3,5],[4,2,5]]},{"level":32,"size":7,"mincol":3,"figure":[[2,2,1],[6,2,1],[0,0,2],[5,3,2],[3,0,3],[3,4,3],[2,1,4],[6,1,4],[3,2,5],[5,1,5]]},{"level":33,"size":7,"mincol":3,"figure":[[3,3,1],[5,0,1],[1,0,2],[1,2,2],[0,0,3],[2,0,3],[3,4,4],[4,1,4],[2,4,5],[5,2,5]]},{"level":34,"size":7,"mincol":3,"figure":[[2,3,1],[6,0,1],[0,0,2],[4,3,2],[3,3,3],[3,5,3],[3,2,4],[5,2,4]]},{"level":35,"size":7,"mincol":3,"figure":[[3,5,1],[5,1,1],[4,1,2],[6,2,2],[0,1,3],[4,2,3],[1,1,4],[4,3,4],[2,1,5],[2,3,5]]},{"level":36,"size":7,"mincol":3,"figure":[[1,1,1],[4,4,1],[1,2,2],[5,2,2],[2,3,3],[4,2,3],[0,1,4],[3,0,4],[3,1,5],[6,0,5]]},{"level":37,"size":7,"mincol":3,"figure":[[3,0,1],[5,2,1],[0,1,2],[3,1,2],[0,2,3],[6,0,3],[2,3,4],[4,3,4],[2,2,5],[4,1,5]]},{"level":38,"size":7,"mincol":3,"figure":[[1,2,1],[4,2,1],[3,1,2],[4,3,2],[0,0,3],[3,4,3],[2,4,4],[5,3,4],[1,0,5],[6,2,5],[1,1,6],[3,2,6]]},{"level":39,"size":7,"mincol":3,"figure":[[2,3,1],[5,2,1],[1,0,2],[4,3,2],[0,1,3],[3,1,3],[2,2,4],[3,5,4],[3,3,5],[4,1,5]]},{"level":40,"size":7,"mincol":3,"figure":[[1,1,1],[3,0,1],[3,5,2],[4,0,2],[0,2,3],[3,4,3],[2,0,4],[2,3,4],[2,1,5],[4,2,5]]},{"level":41,"size":7,"mincol":3,"figure":[[1,1,1],[3,3,1],[0,2,2],[3,4,2],[1,3,3],[4,3,3],[0,1,4],[2,1,4],[2,0,5],[5,3,5],[3,1,6],[5,2,6]]},{"level":42,"size":7,"mincol":3,"figure":[[0,0,1],[4,3,1],[4,2,2],[3,5,2],[1,3,3],[2,1,3],[1,2,4],[3,2,4],[3,0,5],[6,1,5],[3,4,6],[6,2,6]]},{"level":43,"size":7,"mincol":3,"figure":[[1,2,1],[3,1,1],[1,1,2],[4,2,2],[2,1,3],[6,1,3],[0,0,4],[3,5,4],[3,4,5],[6,2,5]]},{"level":44,"size":7,"mincol":3,"figure":[[1,2,1],[4,1,1],[1,3,2],[3,0,2],[1,1,3],[4,3,3],[5,2,4],[6,0,4]]},{"level":45,"size":7,"mincol":3,"figure":[[2,2,1],[5,1,1],[0,0,2],[3,3,2],[0,2,3],[6,2,3],[3,0,4],[5,2,4],[0,1,5],[2,1,5]]},{"level":46,"size":7,"mincol":3,"figure":[[1,0,1],[4,2,1],[2,0,2],[2,2,2],[3,0,3],[5,3,3],[3,1,4],[3,4,4],[0,1,5],[4,4,5]]},{"level":47,"size":7,"mincol":3,"figure":[[0,0,1],[1,3,1],[0,2,2],[3,4,2],[3,1,3],[6,2,3],[4,2,4],[6,1,4]]},{"level":48,"size":7,"mincol":3,"figure":[[2,1,1],[6,2,1],[3,0,2],[5,2,2],[1,2,3],[3,5,3],[1,1,4],[2,3,4],[1,0,5],[5,1,5]]},{"level":49,"size":7,"mincol":3,"figure":[[4,2,1],[6,2,1],[3,5,2],[5,1,2],[4,0,3],[4,3,3],[1,2,4],[3,1,4],[3,2,5],[3,3,5]]},{"level":50,"size":7,"mincol":3,"figure":[[1,3,1],[4,1,1],[2,0,2],[2,2,2],[1,1,3],[6,2,3],[2,4,4],[5,1,4],[3,4,5],[4,2,5]]},{"level":51,"size":7,"mincol":3,"figure":[[4,1,1],[6,0,1],[3,0,2],[5,2,2],[0,1,3],[3,3,3],[2,1,4],[2,3,4],[1,1,5],[3,4,5]]},{"level":52,"size":7,"mincol":3,"figure":[[2,4,1],[3,2,1],[3,5,2],[4,2,2],[1,3,3],[4,4,3],[1,1,4],[6,2,4],[0,0,5],[0,2,5]]},{"level":53,"size":7,"mincol":3,"figure":[[4,0,1],[4,2,1],[4,1,2],[4,3,2],[0,2,3],[3,0,3],[3,1,4],[3,4,4],[4,4,5],[6,1,5],[1,1,6],[3,5,6]]},{"level":54,"size":7,"mincol":3,"figure":[[3,1,1],[6,2,1],[0,1,2],[3,2,2],[3,3,3],[5,0,3],[3,4,4],[6,0,4],[0,2,5],[1,1,5]]},{"level":55,"size":7,"mincol":3,"figure":[[1,1,1],[2,4,1],[1,3,2],[3,5,2],[2,0,3],[5,3,3],[3,1,4],[4,2,4],[4,1,5],[4,4,5]]},{"level":56,"size":9,"mincol":4,"figure":[[1,2,1],[5,4,1],[4,2,2],[7,3,2],[4,7,3],[6,4,3],[3,1,4],[6,1,4],[2,4,5],[5,6,5],[1,1,6],[2,2,6]]},{"level":57,"size":9,"mincol":4,"figure":[[4,3,1],[4,4,1],[3,2,2],[3,4,2],[2,3,3],[6,2,3],[1,3,4],[5,3,4],[4,0,5],[7,3,5],[0,0,6],[8,3,6],[1,2,7],[4,6,7]]},{"level":58,"size":9,"mincol":4,"figure":[[4,4,1],[7,1,1],[4,3,2],[8,2,2],[1,3,3],[7,3,3],[4,1,4],[6,5,4],[3,4,5],[5,3,5],[0,0,6],[5,6,6]]},{"level":59,"size":9,"mincol":4,"figure":[[1,3,1],[3,5,1],[5,0,2],[8,3,2],[3,1,3],[7,1,3],[1,4,4],[4,3,4],[1,0,5],[4,1,5],[1,2,6],[2,4,6],[6,1,7],[6,4,7]]},{"level":60,"size":9,"mincol":4,"figure":[[5,1,1],[4,6,1],[2,5,2],[5,2,2],[2,3,3],[4,1,3],[3,4,4],[8,3,4],[2,2,5],[3,5,5]]},{"level":61,"size":9,"mincol":4,"figure":[[2,5,1],[6,1,1],[4,2,2],[8,2,2],[4,6,3],[7,0,3],[8,0,4],[7,3,4],[3,2,5],[5,5,5],[1,1,6],[6,5,6]]},{"level":62,"size":9,"mincol":4,"figure":[[3,0,1],[6,4,1],[8,0,2],[7,3,2],[4,3,3],[8,2,3],[3,1,4],[4,7,4],[6,1,5],[5,5,5],[1,3,6],[4,1,6],[2,2,7],[2,4,7]]},{"level":63,"size":9,"mincol":4,"figure":[[4,4,1],[5,2,1],[1,4,2],[2,2,2],[2,5,3],[6,2,3],[3,3,4],[7,4,4],[4,0,5],[8,3,5],[2,3,6],[5,3,6],[1,1,7],[5,5,7]]},{"level":64,"size":9,"mincol":4,"figure":[[2,3,1],[6,4,1],[2,0,2],[4,5,2],[2,2,3],[4,4,3],[1,1,4],[8,1,4],[4,1,5],[8,3,5],[3,6,6],[7,3,6],[4,3,7],[4,6,7]]},{"level":65,"size":9,"mincol":4,"figure":[[2,3,1],[4,3,1],[2,0,2],[3,3,2],[1,0,3],[8,0,3],[3,0,4],[3,5,4],[4,1,5],[4,5,5],[2,1,6],[3,4,6]]},{"level":66,"size":9,"mincol":4,"figure":[[1,2,1],[6,2,1],[2,4,2],[6,1,2],[5,4,3],[7,4,3],[0,2,4],[8,3,4],[4,2,5],[6,3,5]]},{"level":67,"size":9,"mincol":4,"figure":[[2,3,1],[6,2,1],[3,2,2],[4,5,2],[3,4,3],[4,7,3],[4,1,4],[5,5,4],[0,0,5],[7,2,5],[5,2,6],[8,0,6],[7,4,7],[8,3,7]]},{"level":68,"size":9,"mincol":4,"figure":[[3,4,1],[6,4,1],[4,3,2],[5,6,2],[5,5,3],[7,0,3],[1,1,4],[7,3,4],[0,0,5],[2,5,5],[1,2,6],[4,7,6],[4,2,7],[4,4,7]]},{"level":69,"size":9,"mincol":4,"figure":[[4,4,1],[7,3,1],[1,3,2],[3,3,2],[2,5,3],[5,4,3],[2,2,4],[5,3,4],[4,2,5],[3,6,5],[4,7,6],[8,0,6],[1,2,7],[6,1,7]]},{"level":70,"size":9,"mincol":4,"figure":[[4,1,1],[6,1,1],[6,5,2],[7,0,2],[5,5,3],[7,2,3],[1,1,4],[4,3,4],[1,3,5],[2,4,5],[2,2,6],[8,3,6],[4,5,7],[7,4,7]]},{"level":71,"size":9,"mincol":4,"figure":[[3,4,1],[7,3,1],[5,4,2],[8,2,2],[4,7,3],[6,4,3],[0,3,4],[3,5,4],[2,1,5],[4,3,5],[2,2,6],[6,2,6],[3,1,7],[7,1,7]]},{"level":72,"size":9,"mincol":4,"figure":[[4,1,1],[4,6,1],[3,3,2],[5,2,2],[4,5,3],[5,1,3],[5,3,4],[5,5,4],[6,1,5],[7,4,5],[7,1,6],[7,3,6]]},{"level":73,"size":9,"mincol":4,"figure":[[1,3,1],[5,0,1],[0,1,2],[4,4,2],[0,0,3],[7,3,3],[1,1,4],[6,2,4],[2,5,5],[5,4,5],[3,4,6],[4,6,6]]},{"level":74,"size":9,"mincol":4,"figure":[[4,4,1],[7,1,1],[2,2,2],[5,4,2],[1,1,3],[6,0,3],[7,3,4],[8,0,4],[3,1,5],[4,3,5],[2,0,6],[4,1,6]]},{"level":75,"size":9,"mincol":4,"figure":[[4,1,1],[6,3,1],[0,1,2],[4,2,2],[3,3,3],[4,7,3],[0,3,4],[5,5,4],[0,2,5],[2,1,5],[3,4,6],[6,4,6]]}]}]],0,0,[],[],[]],[[[1,"Line19"],[10,"Lin19",0,[-2],[26,-1]],[11,"Line_19",0,1,[[28,-3,[0],1]],[0,"1c2/hWOjtECaa5fzn5rhfT",1],[5,51,70],[0,15,0,0,0,0,1,1,1,1]]],0,[0,3,1,0,-1,2,0,0,2,0,4,1,3],[0,0],[-1,2],[11,12]],[[{"name":"Animals_60","rect":[316,905,78,72],"offset":[0,-3.5],"originalSize":[88,79],"capInsets":[0,0,0,0]}],[0],0,[0],[1],[1]],[[[1,"6"],[7,"Animal",0,[-4],[[5,-3,-2]],[0,"38gbzEj9hHnIJSbQcH8yXm",-1],[5,56,62]],[4,"New Node",0,1,[[-5,[6,-6,[1,2],0]],1,4],[0,"dfNoHT3ZpNx6psfPCHm99u",1],[5,53,58],[0,0.5,0],[5,-1,0,0,0,0,1,1,1,1]],[2,2]],0,[0,3,1,0,5,3,0,0,1,0,-1,2,0,-1,3,0,0,2,0,4,1,6],[0,0,0,3],[6,-1,-2,2],[0,0,2,13]],[[{"name":"Animals_42","rect":[429,844,72,79],"offset":[0,0],"originalSize":[88,79],"rotated":1,"capInsets":[0,0,0,0]}],[0],0,[0],[1],[1]],[[[1,"Line37"],[10,"Line37",0,[-2],[0,"fdI9r6VOREeobjbWDrokSq",-1]],[11,"Line_37",0,1,[[21,-3,0]],[0,"32V7MyuMZP/JdNrYR6SYOs",1],[5,51,70],[0,14,0,0,0,0,1,1,1,1]]],0,[0,3,1,0,-1,2,0,0,2,0,4,1,3],[0],[2],[14]],[[{"name":"Line_46","rect":[117,648,92,9],"offset":[0,0],"originalSize":[94,9],"rotated":1,"capInsets":[0,0,0,0]}],[0],0,[0],[1],[1]],[[[3,"draw",".mp3",4.075125],-1],0,0,[],[],[]],[[[1,"0"],[12,"Animal",0,[-4],[[5,-3,-2]],[0,"38gbzEj9hHnIJSbQcH8yXm",-1]],[4,"New Node",0,1,[[-5,[6,-6,[1,2],0]],1,4],[0,"dfNoHT3ZpNx6psfPCHm99u",1],[5,60,65],[0,0.5,0],[4.1,-1,0,0,0,0,1,1,1,1]],[2,2]],0,[0,3,1,0,5,3,0,0,1,0,-1,2,0,-1,3,0,0,2,0,4,1,6],[0,0,0,3],[6,-1,-2,2],[0,0,2,15]],[[[3,"stagecomplete",".mp3",2.71675],-1],0,0,[],[],[]],[[[3,"button_invalid",".mp3",0.339563],-1],0,0,[],[],[]],[[[1,"3"],[7,"Animal",0,[-4],[[5,-3,-2]],[0,"38gbzEj9hHnIJSbQcH8yXm",-1],[5,56,62]],[4,"New Node",0,1,[[-5,[6,-6,[1,2],0]],1,4],[0,"dfNoHT3ZpNx6psfPCHm99u",1],[5,58,60],[0,0.5,0],[5.1,-1,0,0,0,0,1,1,1,1]],[2,2]],0,[0,3,1,0,5,3,0,0,1,0,-1,2,0,-1,3,0,0,2,0,4,1,6],[0,0,0,3],[6,-1,-2,2],[0,0,2,16]],[[{"name":"Line_19","rect":[480,922,51,70],"offset":[0,0],"originalSize":[51,70],"rotated":1,"capInsets":[0,0,0,0]}],[0],0,[0],[1],[1]],[[[30,"animal_idle",0.2,0.3,"2",[{},"props",11,[{},"scale",12,[[[{"frame":0},"value",8,[0,1,1]],[{"frame":0.08333333333333333},"value",8,[0,1,0.98]],[{"frame":0.15},"value",8,[0,1,1.02]],[{"frame":0.2},"value",8,[0,1,1]]],11,11,11,11]]]]],0,0,[],[],[]],[[{"name":"Animals_58","rect":[345,822,78,77],"offset":[0,-1],"originalSize":[88,79],"capInsets":[0,0,0,0]}],[0],0,[0],[1],[1]],[[{"name":"Tile_00","rect":[464,502,84,108],"offset":[0,0],"originalSize":[84,108],"capInsets":[42,22,42,22]}],[0],0,[0],[1],[1]],[[[3,"currency_purchase",".wav",0.77093],-1],0,0,[],[],[]],[[[3,"connected",".mp3",0.3135],-1],0,0,[],[],[]],[[[1,"4"],[7,"Animal",0,[-4],[[5,-3,-2]],[0,"38gbzEj9hHnIJSbQcH8yXm",-1],[5,56,62]],[4,"New Node",0,1,[[-5,[6,-6,[1,2],0]],1,4],[0,"dfNoHT3ZpNx6psfPCHm99u",1],[5,52,68],[0,0.5,0],[2,-1,0,0,0,0,1,1,1,1]],[2,2]],0,[0,3,1,0,5,3,0,0,1,0,-1,2,0,-1,3,0,0,2,0,4,1,6],[0,0,0,3],[6,-1,-2,2],[0,0,2,17]],[[[1,"1"],[12,"Animal",0,[-4],[[5,-3,-2]],[0,"38gbzEj9hHnIJSbQcH8yXm",-1]],[4,"New Node",0,1,[[-5,[6,-6,[1,2],0]],1,4],[0,"dfNoHT3ZpNx6psfPCHm99u",1],[5,61,67],[0,0.5,0],[5.6,-1,0,0,0,0,1,1,1,1]],[2,2]],0,[0,3,1,0,5,3,0,0,1,0,-1,2,0,-1,3,0,0,2,0,4,1,6],[0,0,0,3],[6,-1,-2,2],[0,0,2,18]],[[[1,"2"],[12,"Animal",0,[-4],[[5,-3,-2]],[0,"38gbzEj9hHnIJSbQcH8yXm",-1]],[4,"New Node",0,1,[[-5,[6,-6,[1,2],0]],1,4],[0,"dfNoHT3ZpNx6psfPCHm99u",1],[5,55,68],[0,0.5,0],[0,-1,0,0,0,0,1,1,1,1]],[2,2]],0,[0,3,1,0,5,3,0,0,1,0,-1,2,0,-1,3,0,0,2,0,4,1,6],[0,0,0,3],[6,-1,-2,2],[0,0,2,19]],[[{"name":"white","rect":[0,0,2,2],"offset":[0,0],"originalSize":[2,2],"capInsets":[0,0,0,0]}],[0],0,[0],[1],[20]],[[[32,"sizeFadeIn_900_450",0.3333333333333333,{"props":{"height":[{"frame":0.15,"value":10,"curve":[0.18,0.89,0.31,1.21]},{"frame":0.3333333333333333,"value":450}],"width":[{"frame":0,"value":50},{"frame":0.16666666666666666,"value":900}],"opacity":[{"frame":0,"value":0},{"frame":0.3333333333333333,"value":255}]}}]],0,0,[],[],[]],[[[1,"MessageBox"],[24,"View",0,[-12],[[33,45,-2],[35,true,150,-3],[36,-10,-9,-8,-7,-6,-5,-4],[37,-11]],[0,"94RfN9QahL/4u5e+rWymIF",-1],[5,750,1334],[375,667,0,0,0,0,1,1,1,1]],[25,"bg",0,1,[-16,-17,-18,-19],[[8,1,0,-13,15],[34,false,16,-14],[29,-15,[16]]],[0,"9fUpviTRBBSJYtVy7oNxO7",1],[5,800,480],[0,0.5,1],[0,179,0,0,0,0,1,1,1,1]],[13,"btn_cancel",0,[-23],[[8,1,0,-20,0],[15,1,-22,[[16,"MessageBoxComponent","on_btn_cancel_clicked",1]],[4,4288848546],[4,4294967295],[4,4294967295],-21,1,2,3,4]],[0,"caXWGTFn9DJbiAcobYuS+9",1],[4,4288848546],[5,200,80],[-203,-143,0,0,0,0,1,1,1,1]],[13,"btn_ok",0,[-27],[[8,1,0,-24,5],[15,1,-26,[[16,"MessageBoxComponent","on_btn_ok_clicked",1]],[4,4288848546],[4,4294967295],[4,4294967295],-25,6,7,8,9]],[0,"0eXsN3g+1B2alrb7DsKpxZ",1],[4,4288848546],[5,200,80],[201,-143,0,0,0,0,1,1,1,1]],[13,"btn_ok",0,[-31],[[8,1,0,-28,10],[15,1,-30,[[16,"MessageBoxComponent","on_btn_ok_clicked",1]],[4,4288848546],[4,4294967295],[4,4294967295],-29,11,12,13,14]],[0,"2531Q3NrVKD5DUplPSsV6Y",1],[4,4288848546],[5,200,80],[-1,-68.1,0,0,0,0,1,1,1,1]],[18,"group_ok_cancel",0,2,[3,4],[0,"1cr2KUEExCfbnpU1BG75I0",1],[0,-241,0,0,0,0,1,1,1,1]],[18,"group_ok",0,2,[5],[0,"f3FnzrAK9CKrZ/bt7oHoHY",1],[0,-316,0,0,0,0,1,1,1,1]],[19,"title",0,2,[-32],[0,"bfGbHpiiJJkbhE8EMHFxNw",1],[5,454,40],[13,-84,0,0,0,0,1,1,1,1]],[38,1,"Title",false,1,1,2,8],[19,"content",0,2,[-33],[0,"85CY6UryJNrpDBEkDx+26p",1],[5,580,180],[1,-220,0,0,0,0,1,1,1,1]],[39,1,"Content",1,1,2,10],[14,"Label",0,3,[[17,1,"取消",30,false,1,1,1,-34]],[0,"fbz2Q5249Ib4N/x/xL/oJH",1],[5,100,40]],[14,"Label",0,4,[[17,1,"确定",30,false,1,1,1,-35]],[0,"30LzpvORNODqU87LUY9NVi",1],[5,100,40]],[14,"Label",0,5,[[17,1,"确定",30,false,1,1,1,-36]],[0,"3awwlX6qpGKbIFskbWaUj8",1],[5,100,40]]],0,[0,3,1,0,0,1,0,0,1,0,14,7,0,15,6,0,16,3,0,17,4,0,18,11,0,19,9,0,0,1,0,0,1,0,-1,2,0,0,2,0,0,2,0,0,2,0,-1,8,0,-2,10,0,-3,6,0,-4,7,0,0,3,0,7,3,0,0,3,0,-1,12,0,0,4,0,7,4,0,0,4,0,-1,13,0,0,5,0,7,5,0,0,5,0,-1,14,0,-1,9,0,-1,11,0,0,12,0,0,13,0,0,14,0,4,1,3,8,6,4,8,6,5,8,7,36],[0,0,0,0,0,0,0,0,0,0,0,0,0,0,0,0,0],[2,9,10,11,12,2,9,10,11,12,2,9,10,11,12,2,-1],[4,3,5,3,6,4,3,5,3,6,4,3,5,3,6,21,22]],[[[3,"unlock",".mp3",1.5935],-1],0,0,[],[],[]],[[{"name":"Animals_17","rect":[470,3,88,70],"offset":[0,-4.5],"originalSize":[88,79],"rotated":1,"capInsets":[0,0,0,0]}],[0],0,[0],[1],[1]],[[{"name":"Tile_01","rect":[246,713,84,108],"offset":[0,0],"originalSize":[84,108],"rotated":1,"capInsets":[0,0,0,0]}],[0],0,[0],[1],[1]],[[{"name":"Animals_28","rect":[231,893,74,79],"offset":[0,0],"originalSize":[88,79],"rotated":1,"capInsets":[0,0,0,0]}],[0],0,[0],[1],[1]],[[{"name":"default_btn_pressed","rect":[0,0,40,40],"offset":[0,0],"originalSize":[40,40],"capInsets":[12,12,12,12]}],[0],0,[0],[1],[23]],[[[31,"animal_jump",0.5,[{},"props",11,[{"y":[{"frame":0.08333333333333333,"value":0,"curve":"cubicInOut"},{"frame":0.16666666666666666,"value":14},{"frame":0.25,"value":14,"curve":"cubicOut"},{"frame":0.3333333333333333,"value":0}]},"scale",12,[[[{"frame":0},"value",8,[0,1,1]],[{"frame":0.08333333333333333},"value",8,[0,1,0.9]],[{"frame":0.25},"value",8,[0,1,1]],[{"frame":0.3333333333333333},"value",8,[0,1,0.9]],[{"frame":0.4166666666666667},"value",8,[0,1,0.9]],[{"frame":0.5},"value",8,[0,1,1]]],11,11,11,11,11,11]]]]],0,0,[],[],[]],[[{"name":"default_btn_normal","rect":[0,0,40,40],"offset":[0,0],"originalSize":[40,40],"capInsets":[12,12,12,12]}],[0],0,[0],[1],[24]],[[{"name":"b_b40_w","rect":[0,0,64,64],"offset":[0,0],"originalSize":[64,64],"capInsets":[5,5,5,5]}],[0],0,[0],[1],[25]],[[[9,"skin",[{"id":"2","mini_img":"2","img":"2","cost":"1000","text":"鸟语花香","ps":"fall_follower"},{"id":"4","mini_img":"4","img":"4","cost":"800","text":"瑞雪飞舞","ps":"fall_snow"},{"id":"6","mini_img":"6","img":"6","cost":"500","text":"幽径通曲","ps":"fall_leaf"},{"id":"5","mini_img":"5","img":"5","cost":"500","text":"简单蓝调","ps":"stars"},{"id":"1","mini_img":"1","img":"1","cost":"1000","text":"璀璨星空","ps":"stars2"},{"id":"3","mini_img":"3","img":"3","cost":"2000","text":"引领未来","ps":"fx"}]]],0,0,[],[],[]],[[[1,"Line46"],[10,"Line46",0,[-2],[0,"87Jw/30yRPQ6Ka2c+l8z6u",-1]],[11,"Line_46",0,1,[[21,-3,0]],[0,"dc9//SVHBKEK2H0XjSmd0d",1],[5,92,9],[0,14,0,0,0,0,1,1,1,1]]],0,[0,3,1,0,-1,2,0,0,2,0,4,1,3],[0],[2],[26]]]]