{"paths":{},"types":[],"uuids":["bcecQaPpNMNqGDPEHaURWl","d6/ozvPq9KGZANpz426/22","02WAbLkMNJmLeSCt6s+3Ty","03sxW0liZAC49/5tqsN7Pi","1aa9d84a9","4fmV6P7NdAo7zdNnpvHUks","5bsXjCoSJKMrm90jdDQgFN","5e2I/4z0NH2YDpLeJdQlBQ","63PLuMG0RObYOpxwKMKwTf","71VhFCTINJM6/Ky3oX9nBT","74AUH3hJdEGp7NsJeXmYDK","74HJM4Sd1LGYjaYbsf0OF5","78uCUpGIRCnI6whyowlO/3","85yMCdFgVFrYiQojqmkSaB","96m4uez5REYpGZ6cK7W1Ju","98tH64mT1EmKWYt8X7sXgF","99vUhY1sZBt5UuoBBcf7cI","a0QgrQnENLBqJvKZKJAGOQ","a1CDW6/5NBsJ2er0o3/VDV","a1/MradUpJ9qXeIv7Ynn/I","a2wXR2MuhIgZXONphQfVBJ","aabTiQcGNHnqAkP2hFsyBJ","aed9dqYJlFyp4FftCr+3P5","b33wEJcnRENobFP2DrA22z","b4P/PCArtIdIH38t6mlw8Y","b80vOskTFOqIW+oXaL36XQ","c0MyRaWDhKZqW+UBkCLg07","c39HwWdF9GUoZqIWS2Gb1u","caDPoq0JxCxrF7E+C/Fggt","ca0bhZoUxCU4WKjlMvSItf","cd68tm8BtEVYWKDZUMs7Dy","e4qJmD5jVF861NbMMVsP7e","e7jWYX33dD/bs4dJVyrkjV","e8T5PxLW1GeKP6Elay/w5N","e8Ueib+qJEhL6mXAHdnwbi","e9Ljprn1dFKo/yJTU6SYTx","edDKNPauhIgpvUVhvyyGqd","f4hLh3dihK7q+Mb7L8GjfH","00C8TX+2NBzKFhT7t/lLSz","02XwVlPUhOBJ74jLxLL09I","03uDHz+4lFmJlUTxRhNozt","05la81+F1Jbb9lWZ21BWLE","0e26sIcBZCh7YySc+hCq9r","1aYDOai/NC1rfVlY1RLDte","1ewOTzKv1M4plYi/r0tWEm","21MaL1CjxH9rBxfQpleMsP","29FYIk+N1GYaeWH/q1NxQO","2e9kATRz1Hu6wFSg6T+fTG","32qc6qRjNMwpoy/FFwGE1e","33QjOsft1Op4ssE+PYgwLh","36UZrJEItGtoucUnce4ptt","37ZoQY89tC4r/IHCmDLh+L","38CYB83x5HhJcL2IC1JYcz","3bgV0RrzhNfrgJTy9PCAXQ","3ctdBDdp1O15/C+UHeeUIn","40A20bg7BDqYuwSYpJ6xE6","44+mehIuZF2rzrCfS3izca","47+cn21VlPpKXRy1XlSu3d","4fsRaM1llDAqlbFfkZkDtz","5eyQD+RStDHKuOm6Qa7ZDM","61M1GUehZIvqxKXpddAF14","6cGGjvhmND2q8cDV6JbLKq","78PNvOJhlGLLTLbxirdAoR","7bMJkuaDhOpqbB2l+KsoXS","80kas3Ck9FeYSVKCpwKWZ/","84v2IszPdEGY0vE+D4TdzV","8aYo0XBrZNUrMNjZW21dTH","92BcpxjTFP5azYlxZwzr5l","a4Wnq0a21EFZgNVy/tGltB","abrMkugh5AzqFTaLcoB6fi","b5ci2qg/RFZ7KBj1dgx5Iv","c0i8VZfGJM0ou324MWb5OO","c3eYVzDJ9HmJpCRpATOd1L","c6nnU6K0VDg4sZdYNO/SE9","ceO9SmnctO+L9JRrTvUlux","daWYQauulL7acIjkFTMr5p","dess5wNoRF06SvEFGEN3Ma","e7pQgYEo5EFJbZcKW0gKnQ","e97GVMl6JHh5Ml5qEDdSGa","ecpdLyjvZBwrvm+cedCcQy","efZ7Pd7nlNlrpP5VVE+WuY","f0BIwQ8D5Ml7nTNQbh1YlS","f5uyr0MghDD4XT2EbRmElO","f7nPpmYDxOK7aj2LL9+0Ld","ffuVodQApAXJTkYaHq8wRL","ff5Gm97yxPjZEzORBQuQR9"],"scenes":{"db://assets/Game/Game.fire":6,"db://assets/Game/Main.fire":18},"redirect":[40,0,44,0,61,0,75,0,77,0,79,1,82,0],"deps":["resources","internal"],"packs":{"093cc07f8":[2,43,45,52,57,5,11,12,13,14,15,16,18,19,22,23,25,0,26,28,29,30,1,31,32,33,35,37],"0a77b0270":[2,5,6,59,11,12,63,13,14,15,16,19,22,23,25,0,26,28,29,30,74,1,31,32,33,35,37],"0b8b19ab9":[4,9,21,24,34,36],"0bf03c981":[38,39,3,41,42,46,47,48,49,50,51,53,54,55,56,58,7,60,8,10,62,64,65,66,67,17,20,68,69,70,0,71,72,27,73,1,76,78,80,81,83,84,85]},"name":"main","importBase":"import","nativeBase":"native","debug":false,"isZip":false,"encrypted":false,"versions":{"import":["093cc07f8","dfdbe","0a77b0270","1933d","0b8b19ab9","d0519","0bf03c981","580d2"],"native":[3,"6b349",4,"6bb3d",7,"b94ef",8,"75a2a",9,"c06a9",10,"50f1b",17,"d2f29",20,"fed66",21,"f2252",24,"83fcc",27,"89345",34,"90cf4",36,"89272"]}}