{"paths":{"0":["Game/Particles/wind",1],"1":["Game/Particles/windline",2],"2":["Game/Particles/fall_follower",1],"3":["Game/Particles/fall_snow",1],"4":["Game/Particles/stars",1],"5":["wechat_share",2],"6":["Game/Particles/piaoluo",1],"7":["Game/Particles/fall_rain",1],"8":["Game/Particles/fall_leaf",1],"9":["Game/Particles/fx",1],"10":["Game/Textures/Bgs/1",2],"11":["Game/Particles/stars2",1],"12":["Game/prefab/close",0],"17":["Game/PauseDialog",0],"19":["Game/Textures/Bgs/1",3,1],"20":["Game/WinDialog",0],"21":["Game/OpenGuide",0],"22":["Game/LevelDialog",0],"23":["Game/Particles/windline",3,1],"24":["wechat/WxRankDialog",0],"26":["Game/MyToast",0],"27":["wechat_share",3,1]},"types":["cc.Prefab","cc.ParticleAsset","cc.Texture2D","cc.SpriteFrame"],"uuids":["07WSskpXpFSaa3VtRb31Qx","39rF3k0FBIg6JsFul41Oew","3ft2PaODJA/KzLpTfYf7WB","5aPcmC4vpIoJAGobEJ5WT1","61CNa5XdxN0oABquhkILNE","6dK41gr/1IqKe5dr5S68/w","6d4QhuUjdFeKYilnpIPfxi","71P0xOz39NkrcC265jECPk","9bqL+pqJlD1o7G8MbmMuru","c5aiIKMExMlp9UprQgUtor","d4Zzyh5yxBQphESyzGyBth","efw608rJRPcpCjpLl8/HMo","0awn1mqhhE7KlbNYHWdhbH","1ea68fbc1","1ewOTzKv1M4plYi/r0tWEm","3fTbjTY/VEFKASRFtO3V9W","41w1Z1NvlHnpee0Meeritl","46lZK+mB1OsZXd1GQgRYGR","4bq2fLGOZAmbhANV8Ec/iQ","6cGGjvhmND2q8cDV6JbLKq","a23LN+s/5A7qhTuPA/ckDP","ce4Fyo6rhIqJJDW4In8WWm","cfG8zHL4JFT6Jokk0rbWRO","d2TzuwqQpPxaDvkRAMxuab","d3NI5IxwhNa5YFe2/G3B4+","e4eVMxtfZHJ4X9Qxpsc1rL","e7pQgYEo5EFJbZcKW0gKnQ","ediVgrWotE1JUHHukvu4R0","03uDHz+4lFmJlUTxRhNozt","07EQPyfHpJAafxVro5qHis","09TZ4wD/pLi4XzfI6kpeB/","16tCUzrkROkJaekQ8FCPpw","1cL0Jrfe5EpLXkgxaGX98O","3afLPdlx5IZ6ZPQn2+bXha","3cwJl+uspKBLitqA7+uLg/","4bX02/5p9Fk4LpJFGA7GyY","4bid5/woxOhashbvlytg9r","5dCuqXjUFIAq9r6PtmDWw2","5f0mK+U9ZK6ZO/hxYJpLSy","68wZVhNa1NNYQOXff6oIu4","684UXKcWRBlLbTStyb+EcU","6f0z7xsrZLhLXiWeKEZJf6","78ZetTI25Iz6bz5NzNawTa","81xDhkDLxE24HAFGcPmu+F","8eOQ2oBBtF8LTuPxMeajio","901dXki5hBGq7qCPWrs3Jy","a3stAhjJRIDp7erQ4SVuf/","afFj6rBQhPrb2zy/vrRWH7","c9+lH/PwFGAY+AMl0bEdq3","cfxOyZLt5OtIpcU/ArCUYd","d2LcCPn09K7YEsqoepKNRC","d2TzH39ZxBeJjdxS7f0Y3L","daWYQauulL7acIjkFTMr5p","e60jeF/GBDjLt9bbuun2IM","ecpdLyjvZBwrvm+cedCcQy","f5uyr0MghDD4XT2EbRmElO"],"scenes":{},"redirect":[54,0],"deps":["internal"],"packs":{"012a3a8dc":[52,53],"014518058":[31,37,6,20],"02a668cb1":[32,33,43,47,21,50],"02fbddfc4":[35,46,26],"0509a8b7e":[45,49,55],"090bc4563":[34,40,41,44,48,22],"0a544d019":[42,24],"0b83bb1f6":[0,23],"0d5ff26f1":[28,29,17,36],"0d8061520":[13,1,15,16,18,5,10,25]},"name":"resources","importBase":"import","nativeBase":"native","debug":false,"isZip":false,"encrypted":false,"versions":{"import":["012a3a8dc","a646c","014518058","85a0b","02a668cb1","507b6","02fbddfc4","c4d8e","0509a8b7e","eedab","090bc4563","d4344",30,"60185","0a544d019","a40bf",12,"c3a33","0b83bb1f6","97502","0d5ff26f1","2868c","0d8061520","53661",14,"db615",2,"03a34",3,"fce72",38,"c0f08",4,"ec389",39,"981f5",19,"76364",7,"3d72d",8,"6f630",9,"b6fe8",51,"905cc",27,"147cb",11,"47c80"],"native":[0,"11ea2",13,"c96d6",14,"847d1",1,"a3b39",15,"d81da",2,"ebda6",16,"54f58",18,"7050a",3,"0837d",4,"17f0f",5,"232a1",6,"87065",7,"8e244",8,"f4c52",9,"ba00d",10,"008d8",25,"f7ad0",11,"201ce"]}}