[1,["ecpdLyjvZBwrvm+cedCcQy","1ea68fbc1","09TZ4wD/pLi4XzfI6kpeB/","5f0mK+U9ZK6ZO/hxYJpLSy","4bid5/woxOhashbvlytg9r","cfxOyZLt5OtIpcU/ArCUYd","07EQPyfHpJAafxVro5qHis","901dXki5hBGq7qCPWrs3Jy","daWYQauulL7acIjkFTMr5p","f5uyr0MghDD4XT2EbRmElO","03uDHz+4lFmJlUTxRhNozt","1ewOTzKv1M4plYi/r0tWEm"],["node","_spriteFrame","_N$target","_textureSetter","root","data","_N$file","audio","_defaultClip"],[["cc.Node",["_name","_zIndex","_active","_components","_prefab","_contentSize","_trs","_parent","_children","_color"],0,9,4,5,7,1,2,5],"cc.SpriteFrame",["cc.Sprite",["_sizeMode","_type","node","_materials","_spriteFrame"],1,1,3,6],["cc.PrefabInfo",["fileId","root"],2,1],["cc.Label",["_string","_N$horizontalAlign","_N$verticalAlign","_lineHeight","_isSystemFontUsed","node","_materials","_N$file"],-2,1,3,6],["cc.Prefab",["_name"],2],["cc.Widget",["_alignFlags","node"],2,1],["e1217OaHDFCEbPP4vjLJXLh",["isDialog","node"],2,1],["679c3x/ZwhD8KnIy6p5lX5y",["node","audio"],3,1,6],["cc.Animation",["node","_clips","_defaultClip"],3,1,3,6],["83fb9osUoVEppfk8B6mkJYV",["node"],3,1],["cc.Button",["_N$transition","node","clickEvents","_N$normalColor","_N$target"],2,1,9,5,1],["cc.ClickEvent",["_componentId","handler","target"],1,1]],[[3,0,1,2],[2,0,2,3,4,2],[11,0,1,2,3,4,2],[12,0,1,2,3],[0,0,1,7,8,3,4,5,6,3],[0,0,1,7,3,4,9,5,6,3],[0,0,1,7,3,4,5,6,3],[4,0,1,2,5,6,4],[5,0,2],[0,0,1,8,3,4,5,6,3],[0,0,2,1,7,8,3,4,5,6,4],[0,0,1,7,3,4,9,5,3],[6,0,1,2],[7,0,1,2],[8,0,1,1],[9,0,1,2,1],[10,0,1],[3,1,1],[2,1,0,2,3,4,3],[2,2,3,4,1],[4,0,3,4,1,2,5,6,7,6]],[[[{"name":"btn1","rect":[3,873,198,67],"offset":[0,0],"originalSize":[198,67],"capInsets":[16,16,16,16]}],[1],0,[0],[3],[1]],[[{"name":"js_ksp","rect":[207,872,59,44],"offset":[0.5,-0.5],"originalSize":[60,45],"rotated":1,"capInsets":[0,0,0,0]}],[1],0,[0],[3],[1]],[[[8,"PauseDialog"],[9,"View",0,[-7,-8,-9,-10],[[12,45,-2],[13,true,-3],[14,-4,19],[15,-5,[21],20],[16,-6]],[17,-1],[5,750,1334],[375,667,0,0,0,0,1,1,1,1]],[4,"btn3",0,1,[-14,-15],[[18,1,0,-11,[6],7],[2,3,-13,[[3,"83fb9osUoVEppfk8B6mkJYV","click_home",1]],[4,4292269782],-12]],[0,"96SPhO5GtMUbRY61vkkERc",1],[5,250,100],[0,227,0,0,0,0,1,1,1,0]],[4,"btn1",0,1,[-19,-20],[[1,0,-16,[11],12],[2,3,-18,[[3,"83fb9osUoVEppfk8B6mkJYV","click_restart",1]],[4,4292269782],-17]],[0,"71hoh+jg5PXqMWQKhlPOkf",1],[5,250,100],[0,97,0,0,0,0,1,1,1,0]],[10,"btn1",false,0,1,[-24,-25],[[1,0,-21,[17],18],[2,3,-23,[[3,"83fb9osUoVEppfk8B6mkJYV","click_share",1]],[4,4292269782],-22]],[0,"dcEc/fQidBKK5tOILYjXhS",1],[5,250,100],[0,165,0,0,0,0,1,1,1,0]],[4,"btn4",0,1,[-29],[[1,0,-26,[1],2],[2,3,-28,[[3,"e1217OaHDFCEbPP4vjLJXLh","hide",1]],[4,4292269782],-27]],[0,"85pufEjRpBTZd1fOWz59vR",1],[5,250,100],[0,-33,0,0,0,0,1,1,1,0]],[11,"New Label",0,5,[[7,"关闭",1,1,-30,[0]]],[0,"63Sl3sDWBIK5PXkzEi6g4l",1],[4,4278199897],[5,80,50.4]],[5,"New Label",0,2,[[7,"主界面",1,1,-31,[3]]],[0,"2florS0S9NSrjCsygo6nmw",1],[4,4278270753],[5,120,50.4],[27.797,0,0,0,0,0,1,1,1,1]],[6,"android_achievements",0,2,[[1,0,-32,[4],5]],[0,"d4hC7lG9lAx6448bYZ/omr",1],[5,50,50],[-64,1,0,0,0,0,1,1,1,1]],[5,"New Label",0,3,[[7,"重新开始",1,1,-33,[8]]],[0,"06Yd8igx5CZrXzxUWgy6aW",1],[4,4278336875],[5,160,50.4],[25.153,0,0,0,0,0,1,1,1,1]],[6,"tri_b50_w",0,3,[[19,-34,[9],10]],[0,"a2H+7dLqlCJ7RgVhuiqT+1",1],[5,59,44],[-86.746,-2,0,0,0,0,1,1,1,1]],[5,"New Label",0,4,[[20,"请求帮助",32,false,1,1,-35,[13],14]],[0,"23YCVQCmVHgpi04u3f4uph",1],[4,4288044578],[5,130,32],[19.2,0.8,0,0,0,0,1,1,1,1]],[6,"android_achievements",0,4,[[1,0,-36,[15],16]],[0,"fc5V0iAldDbZgc+1BkcecH",1],[5,40,40],[-66.6,0.9,0,0,0,0,1,1,1,1]]],0,[0,4,1,0,0,1,0,0,1,0,0,1,0,0,1,0,0,1,0,-1,5,0,-2,2,0,-3,3,0,-4,4,0,0,2,0,2,2,0,0,2,0,-1,7,0,-2,8,0,0,3,0,2,3,0,0,3,0,-1,9,0,-2,10,0,0,4,0,2,4,0,0,4,0,-1,11,0,-2,12,0,0,5,0,2,5,0,0,5,0,-1,6,0,0,6,0,0,7,0,0,8,0,0,9,0,0,10,0,0,11,0,0,12,0,5,1,36],[0,0,0,0,0,0,0,0,0,0,0,0,0,0,0,0,0,0,0,0,0,0],[-1,-1,1,-1,-1,1,-1,1,-1,-1,1,-1,1,-1,6,-1,1,-1,1,7,8,-1],[0,0,3,0,0,4,0,5,0,0,6,0,7,0,8,0,9,0,10,11,2,2]],[[{"name":"icon_home","rect":[105,808,59,55],"offset":[0,0],"originalSize":[59,55],"capInsets":[0,0,0,0]}],[1],0,[0],[3],[1]]]]