[1,["e60jeF/GBDjLt9bbuun2IM","41w1Z1NvlHnpee0Meeritl"],["spriteFrame","_textureSetter"],["cc.SpriteFrame",["cc.BitmapFont",["_name","fontSize","_fntConfig"],0]],[[1,0,1,2,4]],[[[[0,"cm",32,{"commonHeight":32,"fontSize":32,"atlasName":"cm_0.png","fontDefDictionary":{"32":{"xOffset":0,"yOffset":0,"xAdvance":7,"rect":{"x":1020,"y":0,"width":1,"height":1}},"33":{"xOffset":2,"yOffset":5,"xAdvance":9,"rect":{"x":879,"y":420,"width":5,"height":21}},"34":{"xOffset":1,"yOffset":5,"xAdvance":12,"rect":{"x":577,"y":444,"width":9,"height":9}},"35":{"xOffset":0,"yOffset":5,"xAdvance":16,"rect":{"x":0,"y":448,"width":17,"height":20}},"36":{"xOffset":0,"yOffset":3,"xAdvance":14,"rect":{"x":1009,"y":109,"width":14,"height":25}},"37":{"xOffset":0,"yOffset":5,"xAdvance":19,"rect":{"x":500,"y":423,"width":19,"height":21}},"38":{"xOffset":0,"yOffset":5,"xAdvance":19,"rect":{"x":560,"y":422,"width":19,"height":21}},"39":{"xOffset":1,"yOffset":5,"xAdvance":6,"rect":{"x":605,"y":444,"width":4,"height":9}},"40":{"xOffset":1,"yOffset":5,"xAdvance":6,"rect":{"x":1014,"y":318,"width":6,"height":24}},"41":{"xOffset":0,"yOffset":5,"xAdvance":6,"rect":{"x":1014,"y":293,"width":6,"height":24}},"42":{"xOffset":0,"yOffset":5,"xAdvance":10,"rect":{"x":538,"y":445,"width":10,"height":11}},"43":{"xOffset":0,"yOffset":11,"xAdvance":16,"rect":{"x":406,"y":446,"width":16,"height":15}},"44":{"xOffset":-1,"yOffset":20,"xAdvance":7,"rect":{"x":597,"y":444,"width":7,"height":9}},"45":{"xOffset":0,"yOffset":16,"xAdvance":16,"rect":{"x":685,"y":444,"width":16,"height":4}},"46":{"xOffset":1,"yOffset":21,"xAdvance":7,"rect":{"x":679,"y":444,"width":5,"height":5}},"47":{"xOffset":0,"yOffset":5,"xAdvance":11,"rect":{"x":854,"y":421,"width":11,"height":21}},"48":{"xOffset":0,"yOffset":5,"xAdvance":15,"rect":{"x":712,"y":422,"width":15,"height":21}},"49":{"xOffset":0,"yOffset":5,"xAdvance":10,"rect":{"x":236,"y":447,"width":9,"height":20}},"50":{"xOffset":1,"yOffset":5,"xAdvance":15,"rect":{"x":184,"y":447,"width":14,"height":20}},"51":{"xOffset":0,"yOffset":5,"xAdvance":15,"rect":{"x":664,"y":422,"width":15,"height":21}},"52":{"xOffset":0,"yOffset":5,"xAdvance":15,"rect":{"x":88,"y":448,"width":16,"height":20}},"53":{"xOffset":0,"yOffset":5,"xAdvance":15,"rect":{"x":759,"y":422,"width":14,"height":21}},"54":{"xOffset":0,"yOffset":5,"xAdvance":15,"rect":{"x":648,"y":422,"width":15,"height":21}},"55":{"xOffset":0,"yOffset":5,"xAdvance":14,"rect":{"x":138,"y":448,"width":15,"height":20}},"56":{"xOffset":0,"yOffset":5,"xAdvance":15,"rect":{"x":728,"y":422,"width":15,"height":21}},"57":{"xOffset":0,"yOffset":5,"xAdvance":15,"rect":{"x":696,"y":422,"width":15,"height":21}},"58":{"xOffset":1,"yOffset":12,"xAdvance":7,"rect":{"x":526,"y":445,"width":5,"height":14}},"59":{"xOffset":-1,"yOffset":12,"xAdvance":7,"rect":{"x":263,"y":447,"width":7,"height":17}},"60":{"xOffset":0,"yOffset":11,"xAdvance":16,"rect":{"x":509,"y":445,"width":16,"height":14}},"61":{"xOffset":0,"yOffset":13,"xAdvance":16,"rect":{"x":549,"y":445,"width":16,"height":10}},"62":{"xOffset":0,"yOffset":11,"xAdvance":16,"rect":{"x":492,"y":445,"width":16,"height":14}},"63":{"xOffset":0,"yOffset":5,"xAdvance":13,"rect":{"x":804,"y":422,"width":13,"height":21}},"64":{"xOffset":0,"yOffset":5,"xAdvance":21,"rect":{"x":435,"y":423,"width":21,"height":21}},"65":{"xOffset":0,"yOffset":5,"xAdvance":17,"rect":{"x":972,"y":420,"width":17,"height":20}},"66":{"xOffset":1,"yOffset":5,"xAdvance":15,"rect":{"x":1008,"y":420,"width":15,"height":20}},"67":{"xOffset":0,"yOffset":5,"xAdvance":16,"rect":{"x":599,"y":422,"width":16,"height":21}},"68":{"xOffset":1,"yOffset":5,"xAdvance":18,"rect":{"x":954,"y":420,"width":17,"height":20}},"69":{"xOffset":1,"yOffset":5,"xAdvance":12,"rect":{"x":199,"y":447,"width":12,"height":20}},"70":{"xOffset":1,"yOffset":5,"xAdvance":12,"rect":{"x":224,"y":447,"width":11,"height":20}},"71":{"xOffset":0,"yOffset":5,"xAdvance":19,"rect":{"x":520,"y":423,"width":19,"height":21}},"72":{"xOffset":1,"yOffset":5,"xAdvance":19,"rect":{"x":990,"y":420,"width":17,"height":20}},"73":{"xOffset":1,"yOffset":5,"xAdvance":6,"rect":{"x":246,"y":447,"width":5,"height":20}},"74":{"xOffset":-1,"yOffset":5,"xAdvance":11,"rect":{"x":818,"y":422,"width":11,"height":21}},"75":{"xOffset":1,"yOffset":5,"xAdvance":16,"rect":{"x":105,"y":448,"width":16,"height":20}},"76":{"xOffset":1,"yOffset":5,"xAdvance":11,"rect":{"x":212,"y":447,"width":11,"height":20}},"77":{"xOffset":0,"yOffset":5,"xAdvance":23,"rect":{"x":911,"y":420,"width":23,"height":20}},"78":{"xOffset":0,"yOffset":5,"xAdvance":18,"rect":{"x":935,"y":420,"width":18,"height":20}},"79":{"xOffset":0,"yOffset":5,"xAdvance":19,"rect":{"x":540,"y":423,"width":19,"height":21}},"80":{"xOffset":1,"yOffset":5,"xAdvance":15,"rect":{"x":169,"y":447,"width":14,"height":20}},"81":{"xOffset":0,"yOffset":5,"xAdvance":19,"rect":{"x":479,"y":423,"width":20,"height":21}},"82":{"xOffset":1,"yOffset":5,"xAdvance":15,"rect":{"x":154,"y":448,"width":14,"height":20}},"83":{"xOffset":0,"yOffset":5,"xAdvance":14,"rect":{"x":789,"y":422,"width":14,"height":21}},"84":{"xOffset":-1,"yOffset":5,"xAdvance":13,"rect":{"x":122,"y":448,"width":15,"height":20}},"85":{"xOffset":0,"yOffset":5,"xAdvance":18,"rect":{"x":580,"y":422,"width":18,"height":21}},"86":{"xOffset":0,"yOffset":5,"xAdvance":16,"rect":{"x":18,"y":448,"width":17,"height":20}},"87":{"xOffset":0,"yOffset":5,"xAdvance":24,"rect":{"x":885,"y":420,"width":25,"height":20}},"88":{"xOffset":0,"yOffset":5,"xAdvance":16,"rect":{"x":36,"y":448,"width":17,"height":20}},"89":{"xOffset":-1,"yOffset":5,"xAdvance":14,"rect":{"x":54,"y":448,"width":16,"height":20}},"90":{"xOffset":0,"yOffset":5,"xAdvance":16,"rect":{"x":71,"y":448,"width":16,"height":20}},"91":{"xOffset":1,"yOffset":5,"xAdvance":7,"rect":{"x":1016,"y":55,"width":7,"height":24}},"92":{"xOffset":0,"yOffset":5,"xAdvance":11,"rect":{"x":842,"y":422,"width":11,"height":21}},"93":{"xOffset":0,"yOffset":5,"xAdvance":7,"rect":{"x":1014,"y":135,"width":7,"height":24}},"94":{"xOffset":-1,"yOffset":4,"xAdvance":6,"rect":{"x":660,"y":444,"width":9,"height":5}},"95":{"xOffset":-1,"yOffset":26,"xAdvance":13,"rect":{"x":702,"y":444,"width":16,"height":3}},"96":{"xOffset":-1,"yOffset":4,"xAdvance":6,"rect":{"x":670,"y":444,"width":8,"height":5}},"97":{"xOffset":0,"yOffset":10,"xAdvance":15,"rect":{"x":303,"y":446,"width":15,"height":16}},"98":{"xOffset":0,"yOffset":4,"xAdvance":15,"rect":{"x":357,"y":423,"width":15,"height":22}},"99":{"xOffset":0,"yOffset":10,"xAdvance":12,"rect":{"x":334,"y":446,"width":13,"height":16}},"100":{"xOffset":0,"yOffset":4,"xAdvance":15,"rect":{"x":373,"y":423,"width":15,"height":22}},"101":{"xOffset":0,"yOffset":10,"xAdvance":14,"rect":{"x":271,"y":447,"width":15,"height":16}},"102":{"xOffset":-1,"yOffset":4,"xAdvance":8,"rect":{"x":830,"y":422,"width":11,"height":21}},"103":{"xOffset":0,"yOffset":10,"xAdvance":15,"rect":{"x":680,"y":422,"width":15,"height":21}},"104":{"xOffset":0,"yOffset":4,"xAdvance":15,"rect":{"x":774,"y":422,"width":14,"height":21}},"105":{"xOffset":0,"yOffset":4,"xAdvance":6,"rect":{"x":866,"y":420,"width":6,"height":21}},"106":{"xOffset":0,"yOffset":4,"xAdvance":6,"rect":{"x":426,"y":28,"width":6,"height":27}},"107":{"xOffset":0,"yOffset":4,"xAdvance":13,"rect":{"x":389,"y":423,"width":14,"height":22}},"108":{"xOffset":0,"yOffset":4,"xAdvance":6,"rect":{"x":873,"y":420,"width":5,"height":21}},"109":{"xOffset":0,"yOffset":10,"xAdvance":23,"rect":{"x":361,"y":446,"width":22,"height":15}},"110":{"xOffset":0,"yOffset":10,"xAdvance":15,"rect":{"x":438,"y":445,"width":14,"height":15}},"111":{"xOffset":0,"yOffset":10,"xAdvance":15,"rect":{"x":287,"y":446,"width":15,"height":16}},"112":{"xOffset":0,"yOffset":10,"xAdvance":15,"rect":{"x":632,"y":422,"width":15,"height":21}},"113":{"xOffset":0,"yOffset":10,"xAdvance":15,"rect":{"x":616,"y":422,"width":15,"height":21}},"114":{"xOffset":0,"yOffset":10,"xAdvance":9,"rect":{"x":481,"y":445,"width":10,"height":15}},"115":{"xOffset":0,"yOffset":10,"xAdvance":11,"rect":{"x":348,"y":446,"width":12,"height":16}},"116":{"xOffset":-1,"yOffset":6,"xAdvance":8,"rect":{"x":252,"y":447,"width":10,"height":19}},"117":{"xOffset":0,"yOffset":10,"xAdvance":15,"rect":{"x":319,"y":446,"width":14,"height":16}},"118":{"xOffset":0,"yOffset":10,"xAdvance":12,"rect":{"x":467,"y":445,"width":13,"height":15}},"119":{"xOffset":0,"yOffset":10,"xAdvance":21,"rect":{"x":384,"y":446,"width":21,"height":15}},"120":{"xOffset":0,"yOffset":10,"xAdvance":13,"rect":{"x":423,"y":445,"width":14,"height":15}},"121":{"xOffset":0,"yOffset":10,"xAdvance":13,"rect":{"x":744,"y":422,"width":14,"height":21}},"122":{"xOffset":0,"yOffset":10,"xAdvance":13,"rect":{"x":453,"y":445,"width":13,"height":15}},"123":{"xOffset":-1,"yOffset":5,"xAdvance":9,"rect":{"x":843,"y":397,"width":10,"height":24}},"124":{"xOffset":1,"yOffset":4,"xAdvance":6,"rect":{"x":404,"y":423,"width":4,"height":22}},"125":{"xOffset":0,"yOffset":5,"xAdvance":9,"rect":{"x":854,"y":396,"width":10,"height":24}},"126":{"xOffset":0,"yOffset":15,"xAdvance":16,"rect":{"x":617,"y":444,"width":16,"height":6}},"12289":{"xOffset":2,"yOffset":19,"xAdvance":26,"rect":{"x":587,"y":444,"width":9,"height":9}},"12290":{"xOffset":2,"yOffset":19,"xAdvance":26,"rect":{"x":566,"y":444,"width":10,"height":9}},"19968":{"xOffset":1,"yOffset":13,"xAdvance":26,"rect":{"x":634,"y":444,"width":25,"height":5}},"19971":{"xOffset":0,"yOffset":3,"xAdvance":26,"rect":{"x":283,"y":373,"width":27,"height":24}},"19975":{"xOffset":0,"yOffset":4,"xAdvance":26,"rect":{"x":446,"y":373,"width":26,"height":24}},"19977":{"xOffset":0,"yOffset":4,"xAdvance":26,"rect":{"x":865,"y":396,"width":27,"height":23}},"19978":{"xOffset":1,"yOffset":3,"xAdvance":26,"rect":{"x":949,"y":371,"width":25,"height":24}},"19979":{"xOffset":1,"yOffset":4,"xAdvance":26,"rect":{"x":0,"y":399,"width":25,"height":24}},"19981":{"xOffset":1,"yOffset":4,"xAdvance":26,"rect":{"x":52,"y":399,"width":25,"height":24}},"19982":{"xOffset":1,"yOffset":3,"xAdvance":26,"rect":{"x":773,"y":346,"width":24,"height":25}},"19987":{"xOffset":1,"yOffset":2,"xAdvance":26,"rect":{"x":884,"y":136,"width":25,"height":26}},"19988":{"xOffset":0,"yOffset":4,"xAdvance":26,"rect":{"x":893,"y":396,"width":27,"height":23}},"19990":{"xOffset":0,"yOffset":3,"xAdvance":26,"rect":{"x":54,"y":269,"width":26,"height":25}},"19994":{"xOffset":1,"yOffset":3,"xAdvance":26,"rect":{"x":683,"y":268,"width":25,"height":25}},"19996":{"xOffset":1,"yOffset":2,"xAdvance":26,"rect":{"x":962,"y":136,"width":25,"height":26}},"20004":{"xOffset":1,"yOffset":4,"xAdvance":26,"rect":{"x":104,"y":399,"width":25,"height":24}},"20010":{"xOffset":1,"yOffset":3,"xAdvance":26,"rect":{"x":709,"y":268,"width":25,"height":25}},"20013":{"xOffset":2,"yOffset":3,"xAdvance":26,"rect":{"x":72,"y":373,"width":23,"height":25}},"20026":{"xOffset":1,"yOffset":2,"xAdvance":26,"rect":{"x":999,"y":82,"width":24,"height":26}},"20027":{"xOffset":1,"yOffset":3,"xAdvance":26,"rect":{"x":130,"y":399,"width":25,"height":24}},"20040":{"xOffset":0,"yOffset":3,"xAdvance":26,"rect":{"x":135,"y":269,"width":26,"height":25}},"20041":{"xOffset":1,"yOffset":2,"xAdvance":26,"rect":{"x":486,"y":82,"width":26,"height":26}},"20043":{"xOffset":1,"yOffset":3,"xAdvance":26,"rect":{"x":735,"y":268,"width":25,"height":25}},"20048":{"xOffset":0,"yOffset":3,"xAdvance":26,"rect":{"x":700,"y":190,"width":26,"height":25}},"20061":{"xOffset":1,"yOffset":3,"xAdvance":26,"rect":{"x":761,"y":268,"width":25,"height":25}},"20063":{"xOffset":1,"yOffset":3,"xAdvance":26,"rect":{"x":787,"y":267,"width":25,"height":25}},"20064":{"xOffset":2,"yOffset":4,"xAdvance":26,"rect":{"x":819,"y":397,"width":23,"height":24}},"20070":{"xOffset":1,"yOffset":2,"xAdvance":26,"rect":{"x":156,"y":164,"width":25,"height":26}},"20080":{"xOffset":1,"yOffset":3,"xAdvance":26,"rect":{"x":891,"y":267,"width":25,"height":25}},"20102":{"xOffset":2,"yOffset":4,"xAdvance":26,"rect":{"x":673,"y":397,"width":24,"height":24}},"20105":{"xOffset":0,"yOffset":2,"xAdvance":26,"rect":{"x":825,"y":28,"width":27,"height":26}},"20107":{"xOffset":0,"yOffset":3,"xAdvance":26,"rect":{"x":754,"y":190,"width":26,"height":25}},"20108":{"xOffset":1,"yOffset":5,"xAdvance":26,"rect":{"x":281,"y":423,"width":25,"height":22}},"20110":{"xOffset":1,"yOffset":4,"xAdvance":26,"rect":{"x":208,"y":398,"width":25,"height":24}},"20116":{"xOffset":1,"yOffset":4,"xAdvance":26,"rect":{"x":975,"y":396,"width":25,"height":23}},"20123":{"xOffset":0,"yOffset":3,"xAdvance":26,"rect":{"x":500,"y":373,"width":26,"height":24}},"20132":{"xOffset":1,"yOffset":2,"xAdvance":26,"rect":{"x":208,"y":164,"width":25,"height":26}},"20135":{"xOffset":1,"yOffset":2,"xAdvance":26,"rect":{"x":234,"y":164,"width":25,"height":26}},"20139":{"xOffset":1,"yOffset":2,"xAdvance":26,"rect":{"x":130,"y":28,"width":25,"height":27}},"20146":{"xOffset":0,"yOffset":3,"xAdvance":26,"rect":{"x":864,"y":241,"width":26,"height":25}},"20154":{"xOffset":1,"yOffset":3,"xAdvance":26,"rect":{"x":917,"y":267,"width":25,"height":25}},"20160":{"xOffset":0,"yOffset":3,"xAdvance":26,"rect":{"x":308,"y":191,"width":27,"height":25}},"20165":{"xOffset":0,"yOffset":2,"xAdvance":26,"rect":{"x":108,"y":110,"width":26,"height":26}},"20170":{"xOffset":1,"yOffset":3,"xAdvance":26,"rect":{"x":943,"y":267,"width":25,"height":25}},"20174":{"xOffset":1,"yOffset":3,"xAdvance":26,"rect":{"x":972,"y":215,"width":26,"height":25}},"20182":{"xOffset":1,"yOffset":3,"xAdvance":26,"rect":{"x":969,"y":267,"width":25,"height":25}},"20195":{"xOffset":0,"yOffset":3,"xAdvance":26,"rect":{"x":891,"y":215,"width":26,"height":25}},"20197":{"xOffset":2,"yOffset":3,"xAdvance":26,"rect":{"x":623,"y":346,"width":24,"height":25}},"20204":{"xOffset":0,"yOffset":2,"xAdvance":26,"rect":{"x":444,"y":0,"width":26,"height":27}},"20214":{"xOffset":0,"yOffset":3,"xAdvance":26,"rect":{"x":702,"y":216,"width":26,"height":25}},"20215":{"xOffset":0,"yOffset":3,"xAdvance":26,"rect":{"x":420,"y":56,"width":27,"height":26}},"20219":{"xOffset":1,"yOffset":3,"xAdvance":26,"rect":{"x":0,"y":295,"width":25,"height":25}},"20247":{"xOffset":0,"yOffset":2,"xAdvance":26,"rect":{"x":560,"y":55,"width":27,"height":26}},"20250":{"xOffset":1,"yOffset":2,"xAdvance":26,"rect":{"x":324,"y":110,"width":26,"height":26}},"20256":{"xOffset":1,"yOffset":2,"xAdvance":26,"rect":{"x":338,"y":28,"width":25,"height":27}},"20260":{"xOffset":0,"yOffset":2,"xAdvance":26,"rect":{"x":405,"y":110,"width":26,"height":26}},"20294":{"xOffset":0,"yOffset":3,"xAdvance":26,"rect":{"x":700,"y":55,"width":27,"height":26}},"20301":{"xOffset":0,"yOffset":2,"xAdvance":26,"rect":{"x":687,"y":0,"width":26,"height":27}},"20302":{"xOffset":0,"yOffset":3,"xAdvance":26,"rect":{"x":567,"y":216,"width":26,"height":25}},"20303":{"xOffset":0,"yOffset":3,"xAdvance":26,"rect":{"x":513,"y":216,"width":26,"height":25}},"20307":{"xOffset":0,"yOffset":2,"xAdvance":26,"rect":{"x":140,"y":0,"width":27,"height":27}},"20309":{"xOffset":0,"yOffset":2,"xAdvance":26,"rect":{"x":168,"y":0,"width":27,"height":27}},"20313":{"xOffset":0,"yOffset":3,"xAdvance":26,"rect":{"x":112,"y":191,"width":27,"height":25}},"20316":{"xOffset":1,"yOffset":3,"xAdvance":26,"rect":{"x":26,"y":295,"width":25,"height":25}},"20320":{"xOffset":0,"yOffset":2,"xAdvance":26,"rect":{"x":252,"y":0,"width":27,"height":27}},"20339":{"xOffset":0,"yOffset":3,"xAdvance":26,"rect":{"x":324,"y":217,"width":26,"height":25}},"20351":{"xOffset":0,"yOffset":3,"xAdvance":26,"rect":{"x":672,"y":190,"width":27,"height":25}},"20363":{"xOffset":0,"yOffset":3,"xAdvance":26,"rect":{"x":972,"y":241,"width":26,"height":25}},"20415":{"xOffset":1,"yOffset":2,"xAdvance":26,"rect":{"x":0,"y":164,"width":25,"height":26}},"20445":{"xOffset":0,"yOffset":3,"xAdvance":26,"rect":{"x":648,"y":242,"width":26,"height":25}},"20449":{"xOffset":0,"yOffset":2,"xAdvance":26,"rect":{"x":573,"y":28,"width":27,"height":26}},"20493":{"xOffset":1,"yOffset":2,"xAdvance":26,"rect":{"x":988,"y":136,"width":25,"height":26}},"20505":{"xOffset":0,"yOffset":3,"xAdvance":26,"rect":{"x":351,"y":243,"width":26,"height":25}},"20540":{"xOffset":0,"yOffset":2,"xAdvance":26,"rect":{"x":390,"y":0,"width":26,"height":27}},"20570":{"xOffset":0,"yOffset":3,"xAdvance":26,"rect":{"x":601,"y":28,"width":27,"height":26}},"20799":{"xOffset":0,"yOffset":3,"xAdvance":26,"rect":{"x":270,"y":243,"width":26,"height":25}},"20803":{"xOffset":1,"yOffset":4,"xAdvance":26,"rect":{"x":312,"y":398,"width":25,"height":24}},"20808":{"xOffset":1,"yOffset":3,"xAdvance":26,"rect":{"x":52,"y":295,"width":25,"height":25}},"20809":{"xOffset":1,"yOffset":3,"xAdvance":26,"rect":{"x":494,"y":136,"width":25,"height":26}},"20811":{"xOffset":0,"yOffset":2,"xAdvance":26,"rect":{"x":336,"y":0,"width":26,"height":27}},"20813":{"xOffset":1,"yOffset":2,"xAdvance":26,"rect":{"x":468,"y":136,"width":25,"height":26}},"20837":{"xOffset":1,"yOffset":3,"xAdvance":26,"rect":{"x":78,"y":295,"width":25,"height":25}},"20840":{"xOffset":0,"yOffset":3,"xAdvance":26,"rect":{"x":199,"y":373,"width":27,"height":24}},"20843":{"xOffset":0,"yOffset":3,"xAdvance":26,"rect":{"x":853,"y":163,"width":27,"height":25}},"20844":{"xOffset":1,"yOffset":3,"xAdvance":26,"rect":{"x":104,"y":295,"width":25,"height":25}},"20845":{"xOffset":1,"yOffset":3,"xAdvance":26,"rect":{"x":130,"y":295,"width":25,"height":25}},"20849":{"xOffset":1,"yOffset":3,"xAdvance":26,"rect":{"x":182,"y":295,"width":25,"height":25}},"20851":{"xOffset":1,"yOffset":2,"xAdvance":26,"rect":{"x":520,"y":136,"width":25,"height":26}},"20854":{"xOffset":1,"yOffset":2,"xAdvance":26,"rect":{"x":957,"y":109,"width":25,"height":26}},"20855":{"xOffset":0,"yOffset":3,"xAdvance":26,"rect":{"x":702,"y":242,"width":26,"height":25}},"20859":{"xOffset":1,"yOffset":2,"xAdvance":26,"rect":{"x":54,"y":83,"width":26,"height":26}},"20861":{"xOffset":1,"yOffset":2,"xAdvance":26,"rect":{"x":593,"y":109,"width":25,"height":26}},"20869":{"xOffset":2,"yOffset":3,"xAdvance":26,"rect":{"x":996,"y":345,"width":23,"height":25}},"20877":{"xOffset":1,"yOffset":3,"xAdvance":26,"rect":{"x":234,"y":295,"width":25,"height":25}},"20882":{"xOffset":1,"yOffset":3,"xAdvance":26,"rect":{"x":78,"y":399,"width":25,"height":24}},"20889":{"xOffset":0,"yOffset":3,"xAdvance":26,"rect":{"x":970,"y":189,"width":26,"height":25}},"20891":{"xOffset":1,"yOffset":3,"xAdvance":26,"rect":{"x":390,"y":164,"width":25,"height":26}},"20915":{"xOffset":0,"yOffset":3,"xAdvance":26,"rect":{"x":540,"y":242,"width":26,"height":25}},"20917":{"xOffset":1,"yOffset":4,"xAdvance":26,"rect":{"x":767,"y":372,"width":25,"height":24}},"20934":{"xOffset":0,"yOffset":2,"xAdvance":26,"rect":{"x":660,"y":0,"width":26,"height":27}},"20960":{"xOffset":1,"yOffset":3,"xAdvance":26,"rect":{"x":260,"y":295,"width":25,"height":25}},"20986":{"xOffset":2,"yOffset":3,"xAdvance":26,"rect":{"x":771,"y":397,"width":23,"height":24}},"20987":{"xOffset":1,"yOffset":2,"xAdvance":26,"rect":{"x":442,"y":164,"width":25,"height":26}},"20998":{"xOffset":0,"yOffset":3,"xAdvance":26,"rect":{"x":56,"y":191,"width":27,"height":25}},"20999":{"xOffset":0,"yOffset":3,"xAdvance":26,"rect":{"x":756,"y":216,"width":26,"height":25}},"21010":{"xOffset":0,"yOffset":3,"xAdvance":26,"rect":{"x":756,"y":242,"width":26,"height":25}},"21015":{"xOffset":1,"yOffset":4,"xAdvance":26,"rect":{"x":741,"y":372,"width":25,"height":24}},"21017":{"xOffset":1,"yOffset":3,"xAdvance":26,"rect":{"x":286,"y":295,"width":25,"height":25}},"21033":{"xOffset":1,"yOffset":3,"xAdvance":26,"rect":{"x":848,"y":345,"width":24,"height":25}},"21035":{"xOffset":1,"yOffset":3,"xAdvance":26,"rect":{"x":312,"y":295,"width":25,"height":25}},"21040":{"xOffset":1,"yOffset":4,"xAdvance":26,"rect":{"x":572,"y":397,"width":25,"height":24}},"21046":{"xOffset":1,"yOffset":3,"xAdvance":26,"rect":{"x":338,"y":295,"width":25,"height":25}},"21048":{"xOffset":0,"yOffset":2,"xAdvance":26,"rect":{"x":853,"y":28,"width":27,"height":26}},"21069":{"xOffset":1,"yOffset":2,"xAdvance":26,"rect":{"x":130,"y":137,"width":25,"height":26}},"21097":{"xOffset":1,"yOffset":2,"xAdvance":26,"rect":{"x":156,"y":137,"width":25,"height":26}},"21147":{"xOffset":2,"yOffset":3,"xAdvance":26,"rect":{"x":948,"y":345,"width":23,"height":25}},"21150":{"xOffset":1,"yOffset":3,"xAdvance":26,"rect":{"x":216,"y":217,"width":26,"height":25}},"21151":{"xOffset":1,"yOffset":3,"xAdvance":26,"rect":{"x":364,"y":295,"width":25,"height":25}},"21152":{"xOffset":1,"yOffset":3,"xAdvance":26,"rect":{"x":390,"y":295,"width":25,"height":25}},"21153":{"xOffset":1,"yOffset":3,"xAdvance":26,"rect":{"x":416,"y":295,"width":25,"height":25}},"21160":{"xOffset":1,"yOffset":3,"xAdvance":26,"rect":{"x":442,"y":295,"width":25,"height":25}},"21161":{"xOffset":1,"yOffset":3,"xAdvance":26,"rect":{"x":468,"y":295,"width":25,"height":25}},"21169":{"xOffset":1,"yOffset":3,"xAdvance":26,"rect":{"x":598,"y":294,"width":25,"height":25}},"21171":{"xOffset":1,"yOffset":2,"xAdvance":26,"rect":{"x":260,"y":164,"width":25,"height":26}},"21253":{"xOffset":1,"yOffset":3,"xAdvance":26,"rect":{"x":624,"y":294,"width":25,"height":25}},"21270":{"xOffset":1,"yOffset":3,"xAdvance":26,"rect":{"x":650,"y":294,"width":25,"height":25}},"21271":{"xOffset":1,"yOffset":3,"xAdvance":26,"rect":{"x":676,"y":294,"width":25,"height":25}},"21305":{"xOffset":2,"yOffset":4,"xAdvance":26,"rect":{"x":232,"y":423,"width":24,"height":23}},"21306":{"xOffset":1,"yOffset":3,"xAdvance":26,"rect":{"x":546,"y":397,"width":25,"height":24}},"21313":{"xOffset":1,"yOffset":3,"xAdvance":26,"rect":{"x":728,"y":294,"width":25,"height":25}},"21315":{"xOffset":0,"yOffset":3,"xAdvance":26,"rect":{"x":84,"y":191,"width":27,"height":25}},"21319":{"xOffset":0,"yOffset":3,"xAdvance":26,"rect":{"x":27,"y":217,"width":26,"height":25}},"21322":{"xOffset":1,"yOffset":3,"xAdvance":26,"rect":{"x":754,"y":294,"width":25,"height":25}},"21326":{"xOffset":1,"yOffset":3,"xAdvance":26,"rect":{"x":338,"y":164,"width":25,"height":26}},"21333":{"xOffset":1,"yOffset":3,"xAdvance":26,"rect":{"x":364,"y":164,"width":25,"height":26}},"21335":{"xOffset":1,"yOffset":3,"xAdvance":26,"rect":{"x":780,"y":294,"width":25,"height":25}},"21345":{"xOffset":0,"yOffset":2,"xAdvance":26,"rect":{"x":28,"y":0,"width":27,"height":27}},"21363":{"xOffset":2,"yOffset":3,"xAdvance":26,"rect":{"x":647,"y":163,"width":24,"height":26}},"21364":{"xOffset":1,"yOffset":3,"xAdvance":26,"rect":{"x":416,"y":164,"width":25,"height":26}},"21378":{"xOffset":1,"yOffset":4,"xAdvance":26,"rect":{"x":520,"y":398,"width":25,"height":24}},"21382":{"xOffset":1,"yOffset":3,"xAdvance":26,"rect":{"x":806,"y":293,"width":25,"height":25}},"21385":{"xOffset":0,"yOffset":4,"xAdvance":26,"rect":{"x":338,"y":373,"width":26,"height":24}},"21387":{"xOffset":0,"yOffset":4,"xAdvance":26,"rect":{"x":311,"y":373,"width":26,"height":24}},"21407":{"xOffset":0,"yOffset":3,"xAdvance":26,"rect":{"x":864,"y":215,"width":26,"height":25}},"21435":{"xOffset":1,"yOffset":3,"xAdvance":26,"rect":{"x":832,"y":293,"width":25,"height":25}},"21439":{"xOffset":1,"yOffset":3,"xAdvance":26,"rect":{"x":858,"y":293,"width":25,"height":25}},"21442":{"xOffset":0,"yOffset":2,"xAdvance":26,"rect":{"x":937,"y":28,"width":27,"height":26}},"21448":{"xOffset":1,"yOffset":4,"xAdvance":26,"rect":{"x":494,"y":398,"width":25,"height":24}},"21450":{"xOffset":0,"yOffset":3,"xAdvance":26,"rect":{"x":835,"y":189,"width":26,"height":25}},"21451":{"xOffset":1,"yOffset":2,"xAdvance":26,"rect":{"x":468,"y":163,"width":25,"height":26}},"21452":{"xOffset":1,"yOffset":4,"xAdvance":26,"rect":{"x":468,"y":398,"width":25,"height":24}},"21453":{"xOffset":1,"yOffset":3,"xAdvance":26,"rect":{"x":910,"y":293,"width":25,"height":25}},"21457":{"xOffset":0,"yOffset":3,"xAdvance":26,"rect":{"x":189,"y":83,"width":26,"height":26}},"21462":{"xOffset":0,"yOffset":3,"xAdvance":26,"rect":{"x":168,"y":191,"width":27,"height":25}},"21463":{"xOffset":1,"yOffset":3,"xAdvance":26,"rect":{"x":962,"y":293,"width":25,"height":25}},"21464":{"xOffset":0,"yOffset":2,"xAdvance":26,"rect":{"x":965,"y":28,"width":27,"height":26}},"21475":{"xOffset":3,"yOffset":5,"xAdvance":26,"rect":{"x":457,"y":423,"width":21,"height":21}},"21482":{"xOffset":1,"yOffset":3,"xAdvance":26,"rect":{"x":988,"y":293,"width":25,"height":25}},"21483":{"xOffset":2,"yOffset":3,"xAdvance":26,"rect":{"x":972,"y":345,"width":23,"height":25}},"21487":{"xOffset":1,"yOffset":4,"xAdvance":26,"rect":{"x":442,"y":398,"width":25,"height":24}},"21490":{"xOffset":0,"yOffset":2,"xAdvance":26,"rect":{"x":993,"y":28,"width":27,"height":26}},"21495":{"xOffset":0,"yOffset":3,"xAdvance":26,"rect":{"x":781,"y":189,"width":26,"height":25}},"21507":{"xOffset":1,"yOffset":3,"xAdvance":26,"rect":{"x":26,"y":321,"width":25,"height":25}},"21508":{"xOffset":0,"yOffset":2,"xAdvance":26,"rect":{"x":28,"y":56,"width":27,"height":26}},"21512":{"xOffset":1,"yOffset":3,"xAdvance":26,"rect":{"x":862,"y":189,"width":26,"height":25}},"21516":{"xOffset":2,"yOffset":3,"xAdvance":26,"rect":{"x":0,"y":373,"width":23,"height":25}},"21517":{"xOffset":1,"yOffset":3,"xAdvance":26,"rect":{"x":898,"y":345,"width":24,"height":25}},"21518":{"xOffset":1,"yOffset":3,"xAdvance":26,"rect":{"x":78,"y":321,"width":25,"height":25}},"21520":{"xOffset":1,"yOffset":3,"xAdvance":26,"rect":{"x":260,"y":398,"width":25,"height":24}},"21521":{"xOffset":2,"yOffset":3,"xAdvance":26,"rect":{"x":24,"y":373,"width":23,"height":25}},"21527":{"xOffset":2,"yOffset":3,"xAdvance":26,"rect":{"x":999,"y":215,"width":24,"height":25}},"21542":{"xOffset":1,"yOffset":4,"xAdvance":26,"rect":{"x":130,"y":424,"width":25,"height":23}},"21548":{"xOffset":1,"yOffset":3,"xAdvance":26,"rect":{"x":546,"y":163,"width":25,"height":26}},"21551":{"xOffset":1,"yOffset":2,"xAdvance":26,"rect":{"x":182,"y":28,"width":25,"height":27}},"21560":{"xOffset":1,"yOffset":3,"xAdvance":26,"rect":{"x":104,"y":321,"width":25,"height":25}},"21578":{"xOffset":1,"yOffset":3,"xAdvance":26,"rect":{"x":156,"y":321,"width":25,"height":25}},"21592":{"xOffset":1,"yOffset":3,"xAdvance":26,"rect":{"x":182,"y":321,"width":25,"height":25}},"21602":{"xOffset":1,"yOffset":4,"xAdvance":26,"rect":{"x":182,"y":398,"width":25,"height":24}},"21608":{"xOffset":1,"yOffset":4,"xAdvance":26,"rect":{"x":598,"y":397,"width":24,"height":24}},"21629":{"xOffset":1,"yOffset":2,"xAdvance":26,"rect":{"x":364,"y":28,"width":25,"height":27}},"21644":{"xOffset":0,"yOffset":3,"xAdvance":26,"rect":{"x":208,"y":321,"width":25,"height":25}},"21697":{"xOffset":2,"yOffset":3,"xAdvance":26,"rect":{"x":795,"y":397,"width":23,"height":24}},"21709":{"xOffset":2,"yOffset":3,"xAdvance":26,"rect":{"x":999,"y":241,"width":24,"height":25}},"21734":{"xOffset":1,"yOffset":3,"xAdvance":26,"rect":{"x":234,"y":321,"width":25,"height":25}},"21830":{"xOffset":1,"yOffset":2,"xAdvance":26,"rect":{"x":723,"y":109,"width":25,"height":26}},"21834":{"xOffset":1,"yOffset":4,"xAdvance":26,"rect":{"x":527,"y":372,"width":26,"height":24}},"21916":{"xOffset":1,"yOffset":3,"xAdvance":26,"rect":{"x":260,"y":321,"width":25,"height":25}},"22120":{"xOffset":0,"yOffset":3,"xAdvance":26,"rect":{"x":392,"y":373,"width":26,"height":24}},"22235":{"xOffset":2,"yOffset":4,"xAdvance":26,"rect":{"x":333,"y":423,"width":23,"height":22}},"22238":{"xOffset":2,"yOffset":3,"xAdvance":26,"rect":{"x":623,"y":397,"width":24,"height":24}},"22240":{"xOffset":1,"yOffset":3,"xAdvance":26,"rect":{"x":845,"y":371,"width":25,"height":24}},"22242":{"xOffset":2,"yOffset":3,"xAdvance":26,"rect":{"x":747,"y":397,"width":23,"height":24}},"22270":{"xOffset":2,"yOffset":4,"xAdvance":26,"rect":{"x":257,"y":423,"width":23,"height":23}},"22278":{"xOffset":2,"yOffset":3,"xAdvance":26,"rect":{"x":698,"y":397,"width":24,"height":24}},"22280":{"xOffset":1,"yOffset":3,"xAdvance":26,"rect":{"x":286,"y":321,"width":25,"height":25}},"22303":{"xOffset":1,"yOffset":3,"xAdvance":26,"rect":{"x":793,"y":372,"width":25,"height":24}},"22312":{"xOffset":1,"yOffset":2,"xAdvance":26,"rect":{"x":0,"y":137,"width":25,"height":26}},"22320":{"xOffset":1,"yOffset":3,"xAdvance":26,"rect":{"x":312,"y":321,"width":25,"height":25}},"22330":{"xOffset":0,"yOffset":3,"xAdvance":26,"rect":{"x":889,"y":189,"width":26,"height":25}},"22411":{"xOffset":0,"yOffset":3,"xAdvance":26,"rect":{"x":473,"y":373,"width":26,"height":24}},"22522":{"xOffset":0,"yOffset":3,"xAdvance":26,"rect":{"x":965,"y":163,"width":27,"height":25}},"22686":{"xOffset":1,"yOffset":3,"xAdvance":26,"rect":{"x":338,"y":321,"width":25,"height":25}},"22768":{"xOffset":1,"yOffset":2,"xAdvance":26,"rect":{"x":26,"y":28,"width":25,"height":27}},"22788":{"xOffset":1,"yOffset":3,"xAdvance":26,"rect":{"x":81,"y":269,"width":26,"height":25}},"22791":{"xOffset":1,"yOffset":3,"xAdvance":26,"rect":{"x":364,"y":321,"width":25,"height":25}},"22797":{"xOffset":1,"yOffset":2,"xAdvance":26,"rect":{"x":104,"y":164,"width":25,"height":26}},"22806":{"xOffset":0,"yOffset":3,"xAdvance":26,"rect":{"x":594,"y":82,"width":26,"height":26}},"22810":{"xOffset":1,"yOffset":3,"xAdvance":26,"rect":{"x":416,"y":321,"width":25,"height":25}},"22823":{"xOffset":1,"yOffset":3,"xAdvance":26,"rect":{"x":442,"y":321,"width":25,"height":25}},"22825":{"xOffset":1,"yOffset":4,"xAdvance":26,"rect":{"x":608,"y":372,"width":26,"height":24}},"22826":{"xOffset":0,"yOffset":2,"xAdvance":26,"rect":{"x":252,"y":56,"width":27,"height":26}},"22833":{"xOffset":0,"yOffset":3,"xAdvance":26,"rect":{"x":648,"y":216,"width":26,"height":25}},"22836":{"xOffset":0,"yOffset":2,"xAdvance":26,"rect":{"x":489,"y":28,"width":27,"height":26}},"22870":{"xOffset":1,"yOffset":3,"xAdvance":26,"rect":{"x":468,"y":321,"width":25,"height":25}},"22905":{"xOffset":0,"yOffset":3,"xAdvance":26,"rect":{"x":196,"y":191,"width":27,"height":25}},"22909":{"xOffset":1,"yOffset":3,"xAdvance":26,"rect":{"x":943,"y":189,"width":26,"height":25}},"22914":{"xOffset":1,"yOffset":3,"xAdvance":26,"rect":{"x":748,"y":346,"width":24,"height":25}},"22987":{"xOffset":0,"yOffset":2,"xAdvance":26,"rect":{"x":685,"y":28,"width":27,"height":26}},"23376":{"xOffset":1,"yOffset":3,"xAdvance":26,"rect":{"x":378,"y":217,"width":26,"height":25}},"23383":{"xOffset":1,"yOffset":2,"xAdvance":26,"rect":{"x":78,"y":137,"width":25,"height":26}},"23384":{"xOffset":0,"yOffset":3,"xAdvance":26,"rect":{"x":140,"y":191,"width":27,"height":25}},"23398":{"xOffset":1,"yOffset":3,"xAdvance":26,"rect":{"x":520,"y":320,"width":25,"height":25}},"23427":{"xOffset":1,"yOffset":2,"xAdvance":26,"rect":{"x":983,"y":109,"width":25,"height":26}},"23433":{"xOffset":1,"yOffset":3,"xAdvance":26,"rect":{"x":546,"y":320,"width":25,"height":25}},"23436":{"xOffset":1,"yOffset":2,"xAdvance":26,"rect":{"x":260,"y":137,"width":25,"height":26}},"23450":{"xOffset":1,"yOffset":3,"xAdvance":26,"rect":{"x":572,"y":320,"width":25,"height":25}},"23454":{"xOffset":1,"yOffset":2,"xAdvance":26,"rect":{"x":598,"y":136,"width":25,"height":26}},"23475":{"xOffset":1,"yOffset":3,"xAdvance":26,"rect":{"x":598,"y":320,"width":25,"height":25}},"23478":{"xOffset":1,"yOffset":3,"xAdvance":26,"rect":{"x":243,"y":217,"width":26,"height":25}},"23481":{"xOffset":1,"yOffset":2,"xAdvance":26,"rect":{"x":286,"y":164,"width":25,"height":26}},"23545":{"xOffset":1,"yOffset":3,"xAdvance":26,"rect":{"x":189,"y":217,"width":26,"height":25}},"23548":{"xOffset":1,"yOffset":3,"xAdvance":26,"rect":{"x":624,"y":320,"width":25,"height":25}},"23556":{"xOffset":0,"yOffset":2,"xAdvance":26,"rect":{"x":881,"y":28,"width":27,"height":26}},"23558":{"xOffset":1,"yOffset":3,"xAdvance":26,"rect":{"x":676,"y":320,"width":25,"height":25}},"23567":{"xOffset":1,"yOffset":3,"xAdvance":26,"rect":{"x":702,"y":320,"width":25,"height":25}},"23569":{"xOffset":1,"yOffset":3,"xAdvance":26,"rect":{"x":728,"y":320,"width":25,"height":25}},"23601":{"xOffset":1,"yOffset":3,"xAdvance":26,"rect":{"x":754,"y":320,"width":25,"height":25}},"23616":{"xOffset":0,"yOffset":4,"xAdvance":26,"rect":{"x":365,"y":373,"width":26,"height":24}},"23618":{"xOffset":1,"yOffset":3,"xAdvance":26,"rect":{"x":494,"y":163,"width":25,"height":26}},"23631":{"xOffset":0,"yOffset":3,"xAdvance":26,"rect":{"x":540,"y":216,"width":26,"height":25}},"23637":{"xOffset":0,"yOffset":3,"xAdvance":26,"rect":{"x":162,"y":243,"width":26,"height":25}},"23646":{"xOffset":0,"yOffset":3,"xAdvance":26,"rect":{"x":808,"y":189,"width":26,"height":25}},"23665":{"xOffset":1,"yOffset":3,"xAdvance":26,"rect":{"x":673,"y":346,"width":24,"height":25}},"24037":{"xOffset":1,"yOffset":5,"xAdvance":26,"rect":{"x":409,"y":423,"width":25,"height":21}},"24049":{"xOffset":2,"yOffset":4,"xAdvance":26,"rect":{"x":207,"y":423,"width":24,"height":23}},"24050":{"xOffset":2,"yOffset":4,"xAdvance":26,"rect":{"x":182,"y":423,"width":24,"height":23}},"24065":{"xOffset":1,"yOffset":3,"xAdvance":26,"rect":{"x":697,"y":109,"width":25,"height":26}},"24067":{"xOffset":1,"yOffset":3,"xAdvance":26,"rect":{"x":780,"y":320,"width":25,"height":25}},"24102":{"xOffset":0,"yOffset":3,"xAdvance":26,"rect":{"x":196,"y":56,"width":27,"height":26}},"24110":{"xOffset":1,"yOffset":3,"xAdvance":26,"rect":{"x":858,"y":319,"width":25,"height":25}},"24120":{"xOffset":1,"yOffset":2,"xAdvance":26,"rect":{"x":26,"y":137,"width":25,"height":26}},"24178":{"xOffset":1,"yOffset":4,"xAdvance":26,"rect":{"x":884,"y":319,"width":25,"height":25}},"24179":{"xOffset":1,"yOffset":3,"xAdvance":26,"rect":{"x":52,"y":164,"width":25,"height":26}},"24180":{"xOffset":0,"yOffset":2,"xAdvance":26,"rect":{"x":795,"y":0,"width":26,"height":27}},"24182":{"xOffset":1,"yOffset":3,"xAdvance":26,"rect":{"x":567,"y":242,"width":26,"height":25}},"24184":{"xOffset":0,"yOffset":2,"xAdvance":26,"rect":{"x":657,"y":28,"width":27,"height":26}},"24191":{"xOffset":0,"yOffset":3,"xAdvance":26,"rect":{"x":675,"y":216,"width":26,"height":25}},"24212":{"xOffset":0,"yOffset":3,"xAdvance":26,"rect":{"x":270,"y":217,"width":26,"height":25}},"24215":{"xOffset":1,"yOffset":3,"xAdvance":26,"rect":{"x":975,"y":371,"width":25,"height":24}},"24220":{"xOffset":1,"yOffset":2,"xAdvance":26,"rect":{"x":754,"y":136,"width":25,"height":26}},"24230":{"xOffset":1,"yOffset":3,"xAdvance":26,"rect":{"x":910,"y":319,"width":25,"height":25}},"24314":{"xOffset":1,"yOffset":3,"xAdvance":26,"rect":{"x":997,"y":189,"width":26,"height":25}},"24320":{"xOffset":1,"yOffset":4,"xAdvance":26,"rect":{"x":897,"y":371,"width":25,"height":24}},"24323":{"xOffset":0,"yOffset":2,"xAdvance":26,"rect":{"x":498,"y":0,"width":26,"height":27}},"24335":{"xOffset":0,"yOffset":2,"xAdvance":26,"rect":{"x":909,"y":28,"width":27,"height":26}},"24341":{"xOffset":1,"yOffset":3,"xAdvance":26,"rect":{"x":723,"y":346,"width":24,"height":25}},"24352":{"xOffset":1,"yOffset":2,"xAdvance":26,"rect":{"x":894,"y":55,"width":26,"height":26}},"24377":{"xOffset":1,"yOffset":2,"xAdvance":26,"rect":{"x":52,"y":28,"width":25,"height":27}},"24378":{"xOffset":1,"yOffset":3,"xAdvance":26,"rect":{"x":936,"y":319,"width":25,"height":25}},"24403":{"xOffset":1,"yOffset":3,"xAdvance":26,"rect":{"x":648,"y":397,"width":24,"height":24}},"24405":{"xOffset":0,"yOffset":3,"xAdvance":26,"rect":{"x":27,"y":269,"width":26,"height":25}},"24418":{"xOffset":0,"yOffset":3,"xAdvance":26,"rect":{"x":135,"y":217,"width":26,"height":25}},"24433":{"xOffset":1,"yOffset":3,"xAdvance":26,"rect":{"x":324,"y":243,"width":26,"height":25}},"24448":{"xOffset":1,"yOffset":2,"xAdvance":26,"rect":{"x":286,"y":28,"width":25,"height":27}},"24453":{"xOffset":0,"yOffset":3,"xAdvance":26,"rect":{"x":621,"y":216,"width":26,"height":25}},"24456":{"xOffset":0,"yOffset":2,"xAdvance":26,"rect":{"x":308,"y":0,"width":27,"height":27}},"24459":{"xOffset":0,"yOffset":3,"xAdvance":26,"rect":{"x":140,"y":56,"width":27,"height":26}},"24471":{"xOffset":0,"yOffset":2,"xAdvance":26,"rect":{"x":84,"y":56,"width":27,"height":26}},"24494":{"xOffset":0,"yOffset":2,"xAdvance":26,"rect":{"x":513,"y":82,"width":26,"height":26}},"24515":{"xOffset":1,"yOffset":3,"xAdvance":26,"rect":{"x":594,"y":216,"width":26,"height":25}},"24517":{"xOffset":0,"yOffset":3,"xAdvance":26,"rect":{"x":255,"y":373,"width":27,"height":24}},"24535":{"xOffset":1,"yOffset":3,"xAdvance":26,"rect":{"x":916,"y":189,"width":26,"height":25}},"24555":{"xOffset":0,"yOffset":3,"xAdvance":26,"rect":{"x":27,"y":243,"width":26,"height":25}},"24605":{"xOffset":1,"yOffset":4,"xAdvance":26,"rect":{"x":286,"y":398,"width":25,"height":24}},"24615":{"xOffset":0,"yOffset":2,"xAdvance":26,"rect":{"x":0,"y":0,"width":27,"height":27}},"24635":{"xOffset":1,"yOffset":3,"xAdvance":26,"rect":{"x":988,"y":319,"width":25,"height":25}},"24685":{"xOffset":1,"yOffset":3,"xAdvance":26,"rect":{"x":0,"y":347,"width":25,"height":25}},"24773":{"xOffset":0,"yOffset":2,"xAdvance":26,"rect":{"x":224,"y":56,"width":27,"height":26}},"24800":{"xOffset":0,"yOffset":3,"xAdvance":26,"rect":{"x":108,"y":269,"width":26,"height":25}},"24819":{"xOffset":0,"yOffset":2,"xAdvance":26,"rect":{"x":621,"y":82,"width":26,"height":26}},"24847":{"xOffset":1,"yOffset":2,"xAdvance":26,"rect":{"x":775,"y":109,"width":25,"height":26}},"24863":{"xOffset":0,"yOffset":2,"xAdvance":26,"rect":{"x":918,"y":82,"width":26,"height":26}},"25103":{"xOffset":0,"yOffset":2,"xAdvance":26,"rect":{"x":945,"y":82,"width":26,"height":26}},"25104":{"xOffset":1,"yOffset":2,"xAdvance":26,"rect":{"x":749,"y":109,"width":25,"height":26}},"25105":{"xOffset":0,"yOffset":3,"xAdvance":26,"rect":{"x":594,"y":242,"width":26,"height":25}},"25110":{"xOffset":1,"yOffset":3,"xAdvance":26,"rect":{"x":26,"y":347,"width":25,"height":25}},"25112":{"xOffset":1,"yOffset":3,"xAdvance":26,"rect":{"x":78,"y":347,"width":25,"height":25}},"25143":{"xOffset":1,"yOffset":2,"xAdvance":26,"rect":{"x":622,"y":163,"width":24,"height":26}},"25151":{"xOffset":1,"yOffset":2,"xAdvance":26,"rect":{"x":234,"y":28,"width":25,"height":27}},"25152":{"xOffset":1,"yOffset":3,"xAdvance":26,"rect":{"x":104,"y":347,"width":25,"height":25}},"25163":{"xOffset":0,"yOffset":3,"xAdvance":26,"rect":{"x":336,"y":191,"width":27,"height":25}},"25165":{"xOffset":1,"yOffset":3,"xAdvance":26,"rect":{"x":130,"y":347,"width":25,"height":25}},"25171":{"xOffset":1,"yOffset":2,"xAdvance":26,"rect":{"x":645,"y":109,"width":25,"height":26}},"25216":{"xOffset":0,"yOffset":2,"xAdvance":26,"rect":{"x":81,"y":83,"width":26,"height":26}},"25226":{"xOffset":0,"yOffset":3,"xAdvance":26,"rect":{"x":432,"y":217,"width":26,"height":25}},"25237":{"xOffset":0,"yOffset":2,"xAdvance":26,"rect":{"x":56,"y":56,"width":27,"height":26}},"25253":{"xOffset":1,"yOffset":2,"xAdvance":26,"rect":{"x":104,"y":28,"width":25,"height":27}},"25277":{"xOffset":0,"yOffset":3,"xAdvance":26,"rect":{"x":108,"y":217,"width":26,"height":25}},"25289":{"xOffset":0,"yOffset":3,"xAdvance":26,"rect":{"x":881,"y":163,"width":27,"height":25}},"25298":{"xOffset":0,"yOffset":2,"xAdvance":26,"rect":{"x":540,"y":82,"width":26,"height":26}},"25321":{"xOffset":1,"yOffset":3,"xAdvance":26,"rect":{"x":520,"y":163,"width":25,"height":26}},"25345":{"xOffset":1,"yOffset":3,"xAdvance":26,"rect":{"x":156,"y":347,"width":25,"height":25}},"25351":{"xOffset":1,"yOffset":3,"xAdvance":26,"rect":{"x":182,"y":347,"width":25,"height":25}},"25353":{"xOffset":0,"yOffset":3,"xAdvance":26,"rect":{"x":378,"y":243,"width":26,"height":25}},"25361":{"xOffset":0,"yOffset":3,"xAdvance":26,"rect":{"x":108,"y":243,"width":26,"height":25}},"25454":{"xOffset":0,"yOffset":3,"xAdvance":26,"rect":{"x":621,"y":242,"width":26,"height":25}},"25480":{"xOffset":0,"yOffset":3,"xAdvance":26,"rect":{"x":0,"y":217,"width":26,"height":25}},"25490":{"xOffset":0,"yOffset":3,"xAdvance":26,"rect":{"x":280,"y":191,"width":27,"height":25}},"25509":{"xOffset":0,"yOffset":3,"xAdvance":26,"rect":{"x":675,"y":242,"width":26,"height":25}},"25552":{"xOffset":0,"yOffset":2,"xAdvance":26,"rect":{"x":756,"y":82,"width":26,"height":26}},"25903":{"xOffset":0,"yOffset":2,"xAdvance":26,"rect":{"x":216,"y":83,"width":26,"height":26}},"25910":{"xOffset":1,"yOffset":2,"xAdvance":26,"rect":{"x":312,"y":164,"width":25,"height":26}},"25913":{"xOffset":1,"yOffset":3,"xAdvance":26,"rect":{"x":208,"y":347,"width":25,"height":25}},"25915":{"xOffset":0,"yOffset":3,"xAdvance":26,"rect":{"x":825,"y":163,"width":27,"height":25}},"25918":{"xOffset":0,"yOffset":2,"xAdvance":26,"rect":{"x":797,"y":28,"width":27,"height":26}},"25928":{"xOffset":0,"yOffset":2,"xAdvance":26,"rect":{"x":405,"y":83,"width":26,"height":26}},"25945":{"xOffset":1,"yOffset":2,"xAdvance":26,"rect":{"x":648,"y":82,"width":26,"height":26}},"25968":{"xOffset":0,"yOffset":3,"xAdvance":26,"rect":{"x":392,"y":191,"width":27,"height":25}},"25972":{"xOffset":0,"yOffset":2,"xAdvance":26,"rect":{"x":504,"y":55,"width":27,"height":26}},"25991":{"xOffset":1,"yOffset":3,"xAdvance":26,"rect":{"x":234,"y":347,"width":25,"height":25}},"26007":{"xOffset":1,"yOffset":3,"xAdvance":26,"rect":{"x":260,"y":347,"width":25,"height":25}},"26009":{"xOffset":1,"yOffset":3,"xAdvance":26,"rect":{"x":729,"y":242,"width":26,"height":25}},"26029":{"xOffset":1,"yOffset":3,"xAdvance":26,"rect":{"x":567,"y":109,"width":25,"height":26}},"26032":{"xOffset":0,"yOffset":3,"xAdvance":26,"rect":{"x":713,"y":28,"width":27,"height":26}},"26041":{"xOffset":1,"yOffset":3,"xAdvance":26,"rect":{"x":286,"y":347,"width":25,"height":25}},"26063":{"xOffset":0,"yOffset":2,"xAdvance":26,"rect":{"x":108,"y":83,"width":26,"height":26}},"26080":{"xOffset":1,"yOffset":4,"xAdvance":26,"rect":{"x":338,"y":398,"width":25,"height":24}},"26085":{"xOffset":3,"yOffset":4,"xAdvance":26,"rect":{"x":1001,"y":396,"width":21,"height":23}},"26102":{"xOffset":1,"yOffset":2,"xAdvance":26,"rect":{"x":650,"y":136,"width":25,"height":26}},"26126":{"xOffset":2,"yOffset":3,"xAdvance":26,"rect":{"x":96,"y":373,"width":23,"height":25}},"26131":{"xOffset":1,"yOffset":3,"xAdvance":26,"rect":{"x":312,"y":347,"width":25,"height":25}},"26143":{"xOffset":1,"yOffset":3,"xAdvance":26,"rect":{"x":338,"y":347,"width":25,"height":25}},"26159":{"xOffset":0,"yOffset":3,"xAdvance":26,"rect":{"x":729,"y":216,"width":26,"height":25}},"26165":{"xOffset":1,"yOffset":4,"xAdvance":26,"rect":{"x":234,"y":398,"width":25,"height":24}},"26356":{"xOffset":1,"yOffset":4,"xAdvance":26,"rect":{"x":364,"y":398,"width":25,"height":24}},"26368":{"xOffset":0,"yOffset":3,"xAdvance":26,"rect":{"x":945,"y":241,"width":26,"height":25}},"26376":{"xOffset":1,"yOffset":3,"xAdvance":26,"rect":{"x":598,"y":346,"width":24,"height":25}},"26377":{"xOffset":0,"yOffset":2,"xAdvance":26,"rect":{"x":864,"y":82,"width":26,"height":26}},"26379":{"xOffset":1,"yOffset":3,"xAdvance":26,"rect":{"x":923,"y":345,"width":24,"height":25}},"26399":{"xOffset":1,"yOffset":2,"xAdvance":26,"rect":{"x":672,"y":163,"width":24,"height":26}},"26410":{"xOffset":0,"yOffset":2,"xAdvance":26,"rect":{"x":822,"y":0,"width":26,"height":27}},"26412":{"xOffset":0,"yOffset":3,"xAdvance":26,"rect":{"x":702,"y":82,"width":26,"height":26}},"26415":{"xOffset":0,"yOffset":3,"xAdvance":26,"rect":{"x":727,"y":190,"width":26,"height":25}},"26426":{"xOffset":0,"yOffset":2,"xAdvance":26,"rect":{"x":461,"y":28,"width":27,"height":26}},"26435":{"xOffset":0,"yOffset":2,"xAdvance":26,"rect":{"x":784,"y":55,"width":27,"height":26}},"26463":{"xOffset":0,"yOffset":2,"xAdvance":26,"rect":{"x":324,"y":83,"width":26,"height":26}},"26465":{"xOffset":1,"yOffset":3,"xAdvance":26,"rect":{"x":390,"y":347,"width":25,"height":25}},"26469":{"xOffset":1,"yOffset":2,"xAdvance":26,"rect":{"x":910,"y":136,"width":25,"height":26}},"26494":{"xOffset":1,"yOffset":2,"xAdvance":26,"rect":{"x":983,"y":0,"width":25,"height":27}},"26497":{"xOffset":0,"yOffset":2,"xAdvance":26,"rect":{"x":532,"y":55,"width":27,"height":26}},"26500":{"xOffset":1,"yOffset":3,"xAdvance":26,"rect":{"x":858,"y":136,"width":25,"height":26}},"26519":{"xOffset":1,"yOffset":2,"xAdvance":26,"rect":{"x":921,"y":55,"width":26,"height":26}},"26524":{"xOffset":1,"yOffset":3,"xAdvance":26,"rect":{"x":416,"y":347,"width":25,"height":25}},"26597":{"xOffset":0,"yOffset":3,"xAdvance":26,"rect":{"x":28,"y":191,"width":27,"height":25}},"26631":{"xOffset":0,"yOffset":2,"xAdvance":26,"rect":{"x":364,"y":56,"width":27,"height":26}},"26679":{"xOffset":0,"yOffset":2,"xAdvance":26,"rect":{"x":336,"y":56,"width":27,"height":26}},"26681":{"xOffset":0,"yOffset":2,"xAdvance":26,"rect":{"x":417,"y":0,"width":26,"height":27}},"26684":{"xOffset":0,"yOffset":2,"xAdvance":26,"rect":{"x":433,"y":28,"width":27,"height":26}},"26827":{"xOffset":0,"yOffset":2,"xAdvance":26,"rect":{"x":552,"y":0,"width":26,"height":27}},"27169":{"xOffset":0,"yOffset":2,"xAdvance":26,"rect":{"x":930,"y":0,"width":26,"height":27}},"27425":{"xOffset":1,"yOffset":2,"xAdvance":26,"rect":{"x":27,"y":83,"width":26,"height":26}},"27426":{"xOffset":0,"yOffset":3,"xAdvance":26,"rect":{"x":909,"y":163,"width":27,"height":25}},"27491":{"xOffset":1,"yOffset":4,"xAdvance":26,"rect":{"x":52,"y":424,"width":25,"height":23}},"27492":{"xOffset":0,"yOffset":3,"xAdvance":26,"rect":{"x":891,"y":241,"width":26,"height":25}},"27493":{"xOffset":0,"yOffset":2,"xAdvance":26,"rect":{"x":168,"y":56,"width":27,"height":26}},"27530":{"xOffset":1,"yOffset":3,"xAdvance":26,"rect":{"x":810,"y":241,"width":26,"height":25}},"27573":{"xOffset":0,"yOffset":3,"xAdvance":26,"rect":{"x":112,"y":56,"width":27,"height":26}},"27599":{"xOffset":0,"yOffset":2,"xAdvance":26,"rect":{"x":513,"y":109,"width":26,"height":26}},"27604":{"xOffset":2,"yOffset":3,"xAdvance":26,"rect":{"x":823,"y":345,"width":24,"height":25}},"27611":{"xOffset":1,"yOffset":3,"xAdvance":26,"rect":{"x":442,"y":347,"width":25,"height":25}},"27665":{"xOffset":2,"yOffset":3,"xAdvance":26,"rect":{"x":798,"y":346,"width":24,"height":25}},"27668":{"xOffset":1,"yOffset":3,"xAdvance":26,"rect":{"x":676,"y":136,"width":25,"height":26}},"27700":{"xOffset":1,"yOffset":3,"xAdvance":26,"rect":{"x":468,"y":347,"width":25,"height":25}},"27714":{"xOffset":0,"yOffset":2,"xAdvance":26,"rect":{"x":459,"y":109,"width":26,"height":26}},"27743":{"xOffset":1,"yOffset":4,"xAdvance":26,"rect":{"x":819,"y":372,"width":25,"height":24}},"27809":{"xOffset":1,"yOffset":3,"xAdvance":26,"rect":{"x":513,"y":242,"width":26,"height":25}},"27833":{"xOffset":1,"yOffset":2,"xAdvance":26,"rect":{"x":572,"y":163,"width":24,"height":26}},"27835":{"xOffset":1,"yOffset":2,"xAdvance":26,"rect":{"x":378,"y":110,"width":26,"height":26}},"27861":{"xOffset":1,"yOffset":3,"xAdvance":26,"rect":{"x":520,"y":346,"width":25,"height":25}},"27880":{"xOffset":0,"yOffset":2,"xAdvance":26,"rect":{"x":351,"y":110,"width":26,"height":26}},"27963":{"xOffset":1,"yOffset":3,"xAdvance":26,"rect":{"x":546,"y":346,"width":25,"height":25}},"27966":{"xOffset":0,"yOffset":3,"xAdvance":26,"rect":{"x":459,"y":243,"width":26,"height":25}},"27969":{"xOffset":1,"yOffset":2,"xAdvance":26,"rect":{"x":572,"y":136,"width":25,"height":26}},"27982":{"xOffset":1,"yOffset":2,"xAdvance":26,"rect":{"x":546,"y":136,"width":25,"height":26}},"28023":{"xOffset":1,"yOffset":2,"xAdvance":26,"rect":{"x":714,"y":0,"width":26,"height":27}},"28040":{"xOffset":1,"yOffset":3,"xAdvance":26,"rect":{"x":189,"y":269,"width":25,"height":25}},"28145":{"xOffset":1,"yOffset":3,"xAdvance":26,"rect":{"x":215,"y":269,"width":25,"height":25}},"28165":{"xOffset":0,"yOffset":2,"xAdvance":26,"rect":{"x":280,"y":0,"width":27,"height":27}},"28201":{"xOffset":0,"yOffset":2,"xAdvance":26,"rect":{"x":243,"y":110,"width":26,"height":26}},"28216":{"xOffset":1,"yOffset":3,"xAdvance":26,"rect":{"x":432,"y":243,"width":26,"height":25}},"28304":{"xOffset":0,"yOffset":2,"xAdvance":26,"rect":{"x":741,"y":28,"width":27,"height":26}},"28385":{"xOffset":0,"yOffset":2,"xAdvance":26,"rect":{"x":633,"y":0,"width":26,"height":27}},"28608":{"xOffset":0,"yOffset":2,"xAdvance":26,"rect":{"x":84,"y":0,"width":27,"height":27}},"28779":{"xOffset":1,"yOffset":3,"xAdvance":26,"rect":{"x":405,"y":243,"width":26,"height":25}},"28781":{"xOffset":1,"yOffset":4,"xAdvance":26,"rect":{"x":871,"y":371,"width":25,"height":24}},"28846":{"xOffset":1,"yOffset":3,"xAdvance":26,"rect":{"x":243,"y":243,"width":26,"height":25}},"28856":{"xOffset":1,"yOffset":3,"xAdvance":26,"rect":{"x":241,"y":269,"width":25,"height":25}},"28857":{"xOffset":1,"yOffset":3,"xAdvance":26,"rect":{"x":267,"y":269,"width":25,"height":25}},"28909":{"xOffset":1,"yOffset":2,"xAdvance":26,"rect":{"x":442,"y":137,"width":25,"height":26}},"28982":{"xOffset":1,"yOffset":2,"xAdvance":26,"rect":{"x":416,"y":137,"width":25,"height":26}},"29031":{"xOffset":1,"yOffset":3,"xAdvance":26,"rect":{"x":216,"y":243,"width":26,"height":25}},"29255":{"xOffset":1,"yOffset":2,"xAdvance":26,"rect":{"x":364,"y":137,"width":25,"height":26}},"29260":{"xOffset":1,"yOffset":3,"xAdvance":26,"rect":{"x":27,"y":110,"width":26,"height":26}},"29289":{"xOffset":1,"yOffset":2,"xAdvance":26,"rect":{"x":338,"y":137,"width":25,"height":26}},"29305":{"xOffset":1,"yOffset":3,"xAdvance":26,"rect":{"x":293,"y":269,"width":25,"height":25}},"29366":{"xOffset":0,"yOffset":2,"xAdvance":26,"rect":{"x":972,"y":82,"width":26,"height":26}},"29378":{"xOffset":0,"yOffset":3,"xAdvance":26,"rect":{"x":0,"y":191,"width":27,"height":25}},"29399":{"xOffset":1,"yOffset":3,"xAdvance":26,"rect":{"x":319,"y":269,"width":25,"height":25}},"29436":{"xOffset":0,"yOffset":3,"xAdvance":26,"rect":{"x":993,"y":163,"width":27,"height":25}},"29483":{"xOffset":1,"yOffset":3,"xAdvance":26,"rect":{"x":345,"y":269,"width":25,"height":25}},"29575":{"xOffset":1,"yOffset":2,"xAdvance":26,"rect":{"x":957,"y":0,"width":25,"height":27}},"29579":{"xOffset":1,"yOffset":4,"xAdvance":26,"rect":{"x":307,"y":423,"width":25,"height":22}},"29609":{"xOffset":1,"yOffset":4,"xAdvance":26,"rect":{"x":26,"y":399,"width":25,"height":24}},"29616":{"xOffset":0,"yOffset":3,"xAdvance":26,"rect":{"x":189,"y":243,"width":26,"height":25}},"29699":{"xOffset":0,"yOffset":3,"xAdvance":26,"rect":{"x":937,"y":163,"width":27,"height":25}},"29702":{"xOffset":0,"yOffset":4,"xAdvance":26,"rect":{"x":143,"y":373,"width":27,"height":24}},"29983":{"xOffset":1,"yOffset":2,"xAdvance":26,"rect":{"x":371,"y":269,"width":25,"height":25}},"29992":{"xOffset":0,"yOffset":4,"xAdvance":26,"rect":{"x":689,"y":372,"width":25,"height":24}},"30001":{"xOffset":1,"yOffset":3,"xAdvance":26,"rect":{"x":715,"y":372,"width":25,"height":24}},"30005":{"xOffset":2,"yOffset":3,"xAdvance":26,"rect":{"x":397,"y":269,"width":25,"height":25}},"30028":{"xOffset":0,"yOffset":3,"xAdvance":26,"rect":{"x":672,"y":55,"width":27,"height":26}},"30127":{"xOffset":0,"yOffset":2,"xAdvance":26,"rect":{"x":644,"y":55,"width":27,"height":26}},"30331":{"xOffset":0,"yOffset":3,"xAdvance":26,"rect":{"x":135,"y":243,"width":26,"height":25}},"30333":{"xOffset":2,"yOffset":3,"xAdvance":26,"rect":{"x":723,"y":397,"width":23,"height":24}},"30334":{"xOffset":1,"yOffset":4,"xAdvance":26,"rect":{"x":0,"y":424,"width":25,"height":23}},"30340":{"xOffset":2,"yOffset":3,"xAdvance":26,"rect":{"x":698,"y":346,"width":24,"height":25}},"30382":{"xOffset":0,"yOffset":2,"xAdvance":26,"rect":{"x":810,"y":82,"width":26,"height":26}},"30424":{"xOffset":0,"yOffset":2,"xAdvance":26,"rect":{"x":783,"y":82,"width":26,"height":26}},"30446":{"xOffset":3,"yOffset":4,"xAdvance":26,"rect":{"x":1001,"y":371,"width":22,"height":24}},"30452":{"xOffset":0,"yOffset":3,"xAdvance":26,"rect":{"x":0,"y":269,"width":26,"height":25}},"30456":{"xOffset":0,"yOffset":2,"xAdvance":26,"rect":{"x":182,"y":137,"width":25,"height":26}},"30465":{"xOffset":0,"yOffset":2,"xAdvance":26,"rect":{"x":476,"y":55,"width":27,"height":26}},"30475":{"xOffset":1,"yOffset":3,"xAdvance":26,"rect":{"x":423,"y":269,"width":25,"height":25}},"30495":{"xOffset":0,"yOffset":2,"xAdvance":26,"rect":{"x":729,"y":82,"width":26,"height":26}},"30524":{"xOffset":2,"yOffset":3,"xAdvance":26,"rect":{"x":648,"y":346,"width":24,"height":25}},"30528":{"xOffset":1,"yOffset":3,"xAdvance":26,"rect":{"x":449,"y":269,"width":25,"height":25}},"30693":{"xOffset":1,"yOffset":2,"xAdvance":26,"rect":{"x":597,"y":163,"width":24,"height":26}},"30707":{"xOffset":1,"yOffset":4,"xAdvance":26,"rect":{"x":26,"y":424,"width":25,"height":23}},"30719":{"xOffset":0,"yOffset":2,"xAdvance":26,"rect":{"x":675,"y":82,"width":26,"height":26}},"30740":{"xOffset":1,"yOffset":3,"xAdvance":26,"rect":{"x":945,"y":215,"width":26,"height":25}},"30830":{"xOffset":1,"yOffset":2,"xAdvance":26,"rect":{"x":104,"y":137,"width":25,"height":26}},"30913":{"xOffset":0,"yOffset":2,"xAdvance":26,"rect":{"x":224,"y":0,"width":27,"height":27}},"31034":{"xOffset":1,"yOffset":5,"xAdvance":26,"rect":{"x":156,"y":423,"width":25,"height":23}},"31036":{"xOffset":1,"yOffset":3,"xAdvance":26,"rect":{"x":962,"y":319,"width":25,"height":25}},"31069":{"xOffset":0,"yOffset":2,"xAdvance":26,"rect":{"x":876,"y":0,"width":26,"height":27}},"31163":{"xOffset":1,"yOffset":2,"xAdvance":26,"rect":{"x":260,"y":28,"width":25,"height":27}},"31181":{"xOffset":1,"yOffset":3,"xAdvance":26,"rect":{"x":475,"y":269,"width":25,"height":25}},"31185":{"xOffset":1,"yOffset":3,"xAdvance":26,"rect":{"x":837,"y":215,"width":26,"height":25}},"31215":{"xOffset":1,"yOffset":3,"xAdvance":26,"rect":{"x":486,"y":216,"width":26,"height":25}},"31216":{"xOffset":0,"yOffset":3,"xAdvance":26,"rect":{"x":797,"y":163,"width":27,"height":25}},"31243":{"xOffset":0,"yOffset":3,"xAdvance":26,"rect":{"x":769,"y":163,"width":27,"height":25}},"31350":{"xOffset":0,"yOffset":2,"xAdvance":26,"rect":{"x":459,"y":82,"width":26,"height":26}},"31354":{"xOffset":0,"yOffset":2,"xAdvance":26,"rect":{"x":432,"y":83,"width":26,"height":26}},"31397":{"xOffset":0,"yOffset":2,"xAdvance":26,"rect":{"x":112,"y":0,"width":27,"height":27}},"31435":{"xOffset":1,"yOffset":3,"xAdvance":26,"rect":{"x":156,"y":398,"width":25,"height":24}},"31532":{"xOffset":1,"yOffset":2,"xAdvance":26,"rect":{"x":208,"y":28,"width":25,"height":27}},"31561":{"xOffset":1,"yOffset":3,"xAdvance":26,"rect":{"x":501,"y":268,"width":25,"height":25}},"31614":{"xOffset":0,"yOffset":2,"xAdvance":26,"rect":{"x":644,"y":190,"width":27,"height":25}},"31639":{"xOffset":0,"yOffset":2,"xAdvance":26,"rect":{"x":363,"y":0,"width":26,"height":27}},"31649":{"xOffset":1,"yOffset":2,"xAdvance":26,"rect":{"x":931,"y":109,"width":25,"height":26}},"31859":{"xOffset":1,"yOffset":2,"xAdvance":26,"rect":{"x":741,"y":0,"width":26,"height":27}},"31867":{"xOffset":1,"yOffset":2,"xAdvance":26,"rect":{"x":905,"y":109,"width":25,"height":26}},"31934":{"xOffset":1,"yOffset":2,"xAdvance":26,"rect":{"x":879,"y":109,"width":25,"height":26}},"31958":{"xOffset":0,"yOffset":3,"xAdvance":26,"rect":{"x":0,"y":56,"width":27,"height":26}},"31995":{"xOffset":1,"yOffset":3,"xAdvance":26,"rect":{"x":527,"y":268,"width":25,"height":25}},"32032":{"xOffset":1,"yOffset":2,"xAdvance":26,"rect":{"x":853,"y":109,"width":25,"height":26}},"32418":{"xOffset":1,"yOffset":3,"xAdvance":26,"rect":{"x":553,"y":268,"width":25,"height":25}},"32422":{"xOffset":1,"yOffset":2,"xAdvance":26,"rect":{"x":827,"y":109,"width":25,"height":26}},"32423":{"xOffset":0,"yOffset":2,"xAdvance":26,"rect":{"x":243,"y":83,"width":26,"height":26}},"32447":{"xOffset":1,"yOffset":2,"xAdvance":26,"rect":{"x":801,"y":109,"width":25,"height":26}},"32452":{"xOffset":0,"yOffset":3,"xAdvance":26,"rect":{"x":616,"y":190,"width":27,"height":25}},"32454":{"xOffset":1,"yOffset":3,"xAdvance":26,"rect":{"x":579,"y":268,"width":25,"height":25}},"32455":{"xOffset":1,"yOffset":2,"xAdvance":26,"rect":{"x":162,"y":83,"width":26,"height":26}},"32463":{"xOffset":0,"yOffset":3,"xAdvance":26,"rect":{"x":476,"y":190,"width":27,"height":25}},"32467":{"xOffset":0,"yOffset":3,"xAdvance":26,"rect":{"x":448,"y":191,"width":27,"height":25}},"32473":{"xOffset":0,"yOffset":3,"xAdvance":26,"rect":{"x":420,"y":191,"width":27,"height":25}},"32477":{"xOffset":1,"yOffset":3,"xAdvance":26,"rect":{"x":605,"y":268,"width":25,"height":25}},"32479":{"xOffset":1,"yOffset":2,"xAdvance":26,"rect":{"x":671,"y":109,"width":25,"height":26}},"32487":{"xOffset":0,"yOffset":3,"xAdvance":26,"rect":{"x":459,"y":217,"width":26,"height":25}},"32489":{"xOffset":0,"yOffset":2,"xAdvance":26,"rect":{"x":606,"y":0,"width":26,"height":27}},"32493":{"xOffset":0,"yOffset":2,"xAdvance":26,"rect":{"x":579,"y":0,"width":26,"height":27}},"32500":{"xOffset":0,"yOffset":2,"xAdvance":26,"rect":{"x":0,"y":83,"width":26,"height":26}},"32622":{"xOffset":0,"yOffset":3,"xAdvance":26,"rect":{"x":581,"y":372,"width":26,"height":24}},"32654":{"xOffset":1,"yOffset":2,"xAdvance":26,"rect":{"x":619,"y":109,"width":25,"height":26}},"32676":{"xOffset":0,"yOffset":2,"xAdvance":26,"rect":{"x":629,"y":28,"width":27,"height":26}},"32763":{"xOffset":1,"yOffset":3,"xAdvance":26,"rect":{"x":631,"y":268,"width":25,"height":25}},"32769":{"xOffset":0,"yOffset":2,"xAdvance":26,"rect":{"x":948,"y":55,"width":26,"height":26}},"32773":{"xOffset":1,"yOffset":3,"xAdvance":26,"rect":{"x":390,"y":398,"width":25,"height":24}},"32780":{"xOffset":1,"yOffset":4,"xAdvance":26,"rect":{"x":416,"y":398,"width":25,"height":24}},"32791":{"xOffset":0,"yOffset":3,"xAdvance":26,"rect":{"x":405,"y":217,"width":26,"height":25}},"32852":{"xOffset":0,"yOffset":2,"xAdvance":26,"rect":{"x":545,"y":28,"width":27,"height":26}},"32932":{"xOffset":0,"yOffset":3,"xAdvance":26,"rect":{"x":351,"y":217,"width":26,"height":25}},"32946":{"xOffset":0,"yOffset":2,"xAdvance":26,"rect":{"x":867,"y":55,"width":26,"height":26}},"32988":{"xOffset":1,"yOffset":2,"xAdvance":26,"rect":{"x":840,"y":55,"width":26,"height":26}},"33021":{"xOffset":1,"yOffset":3,"xAdvance":26,"rect":{"x":657,"y":268,"width":25,"height":25}},"33258":{"xOffset":2,"yOffset":3,"xAdvance":26,"rect":{"x":120,"y":373,"width":22,"height":25}},"33267":{"xOffset":0,"yOffset":3,"xAdvance":26,"rect":{"x":662,"y":372,"width":26,"height":24}},"33324":{"xOffset":1,"yOffset":2,"xAdvance":26,"rect":{"x":567,"y":82,"width":26,"height":26}},"33394":{"xOffset":0,"yOffset":2,"xAdvance":26,"rect":{"x":378,"y":83,"width":26,"height":26}},"33410":{"xOffset":1,"yOffset":3,"xAdvance":26,"rect":{"x":52,"y":137,"width":25,"height":26}},"33457":{"xOffset":0,"yOffset":2,"xAdvance":26,"rect":{"x":351,"y":83,"width":26,"height":26}},"33719":{"xOffset":0,"yOffset":2,"xAdvance":26,"rect":{"x":280,"y":56,"width":27,"height":26}},"34382":{"xOffset":1,"yOffset":3,"xAdvance":26,"rect":{"x":813,"y":267,"width":25,"height":25}},"34892":{"xOffset":1,"yOffset":3,"xAdvance":26,"rect":{"x":839,"y":267,"width":25,"height":25}},"34920":{"xOffset":1,"yOffset":3,"xAdvance":26,"rect":{"x":865,"y":267,"width":25,"height":25}},"34987":{"xOffset":0,"yOffset":2,"xAdvance":26,"rect":{"x":308,"y":56,"width":27,"height":26}},"35013":{"xOffset":0,"yOffset":2,"xAdvance":26,"rect":{"x":297,"y":83,"width":26,"height":26}},"35199":{"xOffset":1,"yOffset":4,"xAdvance":26,"rect":{"x":948,"y":396,"width":26,"height":23}},"35201":{"xOffset":0,"yOffset":3,"xAdvance":26,"rect":{"x":54,"y":217,"width":26,"height":25}},"35265":{"xOffset":0,"yOffset":3,"xAdvance":26,"rect":{"x":81,"y":217,"width":26,"height":25}},"35266":{"xOffset":1,"yOffset":3,"xAdvance":26,"rect":{"x":995,"y":267,"width":25,"height":25}},"35268":{"xOffset":0,"yOffset":2,"xAdvance":26,"rect":{"x":392,"y":56,"width":27,"height":26}},"35282":{"xOffset":1,"yOffset":3,"xAdvance":26,"rect":{"x":873,"y":345,"width":24,"height":25}},"35299":{"xOffset":0,"yOffset":2,"xAdvance":26,"rect":{"x":270,"y":83,"width":26,"height":26}},"35686":{"xOffset":0,"yOffset":2,"xAdvance":26,"rect":{"x":448,"y":55,"width":27,"height":26}},"35745":{"xOffset":0,"yOffset":3,"xAdvance":26,"rect":{"x":135,"y":83,"width":26,"height":26}},"35748":{"xOffset":1,"yOffset":3,"xAdvance":26,"rect":{"x":162,"y":217,"width":26,"height":25}},"35758":{"xOffset":0,"yOffset":2,"xAdvance":26,"rect":{"x":525,"y":0,"width":26,"height":27}},"35760":{"xOffset":1,"yOffset":3,"xAdvance":26,"rect":{"x":156,"y":295,"width":25,"height":25}},"35768":{"xOffset":0,"yOffset":2,"xAdvance":26,"rect":{"x":768,"y":0,"width":26,"height":27}},"35770":{"xOffset":1,"yOffset":3,"xAdvance":26,"rect":{"x":208,"y":295,"width":25,"height":25}},"35774":{"xOffset":0,"yOffset":2,"xAdvance":26,"rect":{"x":588,"y":55,"width":27,"height":26}},"35777":{"xOffset":0,"yOffset":2,"xAdvance":26,"rect":{"x":975,"y":55,"width":26,"height":26}},"35782":{"xOffset":0,"yOffset":2,"xAdvance":26,"rect":{"x":616,"y":55,"width":27,"height":26}},"35805":{"xOffset":0,"yOffset":3,"xAdvance":26,"rect":{"x":297,"y":217,"width":26,"height":25}},"35813":{"xOffset":1,"yOffset":2,"xAdvance":26,"rect":{"x":728,"y":136,"width":25,"height":26}},"35828":{"xOffset":0,"yOffset":2,"xAdvance":26,"rect":{"x":540,"y":109,"width":26,"height":26}},"35831":{"xOffset":1,"yOffset":2,"xAdvance":26,"rect":{"x":208,"y":137,"width":25,"height":26}},"35843":{"xOffset":0,"yOffset":2,"xAdvance":26,"rect":{"x":234,"y":137,"width":25,"height":26}},"35874":{"xOffset":0,"yOffset":2,"xAdvance":26,"rect":{"x":728,"y":55,"width":27,"height":26}},"35937":{"xOffset":1,"yOffset":2,"xAdvance":26,"rect":{"x":286,"y":137,"width":25,"height":26}},"35961":{"xOffset":1,"yOffset":3,"xAdvance":26,"rect":{"x":494,"y":295,"width":25,"height":25}},"36133":{"xOffset":1,"yOffset":3,"xAdvance":26,"rect":{"x":520,"y":294,"width":25,"height":25}},"36136":{"xOffset":1,"yOffset":3,"xAdvance":26,"rect":{"x":546,"y":294,"width":25,"height":25}},"36141":{"xOffset":1,"yOffset":3,"xAdvance":26,"rect":{"x":572,"y":346,"width":25,"height":25}},"36153":{"xOffset":1,"yOffset":3,"xAdvance":26,"rect":{"x":572,"y":294,"width":25,"height":25}},"36164":{"xOffset":0,"yOffset":2,"xAdvance":26,"rect":{"x":471,"y":0,"width":26,"height":27}},"36186":{"xOffset":0,"yOffset":3,"xAdvance":26,"rect":{"x":486,"y":109,"width":26,"height":26}},"36208":{"xOffset":1,"yOffset":2,"xAdvance":26,"rect":{"x":312,"y":137,"width":25,"height":26}},"36215":{"xOffset":1,"yOffset":2,"xAdvance":26,"rect":{"x":432,"y":110,"width":26,"height":26}},"36229":{"xOffset":1,"yOffset":3,"xAdvance":26,"rect":{"x":702,"y":294,"width":25,"height":25}},"36234":{"xOffset":1,"yOffset":2,"xAdvance":26,"rect":{"x":390,"y":137,"width":25,"height":26}},"36317":{"xOffset":0,"yOffset":4,"xAdvance":26,"rect":{"x":171,"y":373,"width":27,"height":24}},"36335":{"xOffset":0,"yOffset":2,"xAdvance":26,"rect":{"x":756,"y":55,"width":27,"height":26}},"36523":{"xOffset":1,"yOffset":2,"xAdvance":26,"rect":{"x":297,"y":110,"width":26,"height":26}},"36710":{"xOffset":1,"yOffset":2,"xAdvance":26,"rect":{"x":0,"y":28,"width":25,"height":27}},"36716":{"xOffset":0,"yOffset":2,"xAdvance":26,"rect":{"x":270,"y":110,"width":26,"height":26}},"36731":{"xOffset":1,"yOffset":2,"xAdvance":26,"rect":{"x":216,"y":110,"width":26,"height":26}},"36739":{"xOffset":1,"yOffset":3,"xAdvance":26,"rect":{"x":884,"y":293,"width":25,"height":25}},"36755":{"xOffset":0,"yOffset":2,"xAdvance":26,"rect":{"x":196,"y":0,"width":27,"height":27}},"36793":{"xOffset":1,"yOffset":3,"xAdvance":26,"rect":{"x":936,"y":293,"width":25,"height":25}},"36798":{"xOffset":0,"yOffset":3,"xAdvance":26,"rect":{"x":783,"y":215,"width":26,"height":25}},"36807":{"xOffset":0,"yOffset":3,"xAdvance":26,"rect":{"x":810,"y":215,"width":26,"height":25}},"36814":{"xOffset":1,"yOffset":3,"xAdvance":26,"rect":{"x":0,"y":321,"width":25,"height":25}},"36816":{"xOffset":0,"yOffset":3,"xAdvance":26,"rect":{"x":635,"y":372,"width":26,"height":24}},"36817":{"xOffset":0,"yOffset":3,"xAdvance":26,"rect":{"x":224,"y":191,"width":27,"height":25}},"36820":{"xOffset":1,"yOffset":3,"xAdvance":26,"rect":{"x":52,"y":321,"width":25,"height":25}},"36824":{"xOffset":0,"yOffset":3,"xAdvance":26,"rect":{"x":419,"y":373,"width":26,"height":24}},"36825":{"xOffset":0,"yOffset":2,"xAdvance":26,"rect":{"x":769,"y":28,"width":27,"height":26}},"36827":{"xOffset":0,"yOffset":2,"xAdvance":26,"rect":{"x":189,"y":110,"width":26,"height":26}},"36830":{"xOffset":0,"yOffset":3,"xAdvance":26,"rect":{"x":227,"y":373,"width":27,"height":24}},"36864":{"xOffset":1,"yOffset":3,"xAdvance":26,"rect":{"x":130,"y":321,"width":25,"height":25}},"36865":{"xOffset":0,"yOffset":2,"xAdvance":26,"rect":{"x":918,"y":215,"width":26,"height":25}},"36866":{"xOffset":0,"yOffset":3,"xAdvance":26,"rect":{"x":252,"y":191,"width":27,"height":25}},"36873":{"xOffset":0,"yOffset":2,"xAdvance":26,"rect":{"x":162,"y":110,"width":26,"height":26}},"36890":{"xOffset":0,"yOffset":3,"xAdvance":26,"rect":{"x":0,"y":243,"width":26,"height":25}},"36895":{"xOffset":0,"yOffset":2,"xAdvance":26,"rect":{"x":135,"y":110,"width":26,"height":26}},"36896":{"xOffset":0,"yOffset":3,"xAdvance":26,"rect":{"x":54,"y":243,"width":26,"height":25}},"36947":{"xOffset":1,"yOffset":3,"xAdvance":26,"rect":{"x":81,"y":243,"width":26,"height":25}},"36992":{"xOffset":0,"yOffset":2,"xAdvance":26,"rect":{"x":812,"y":55,"width":27,"height":26}},"37027":{"xOffset":1,"yOffset":3,"xAdvance":26,"rect":{"x":624,"y":136,"width":25,"height":26}},"37096":{"xOffset":1,"yOffset":3,"xAdvance":26,"rect":{"x":390,"y":321,"width":25,"height":25}},"37117":{"xOffset":1,"yOffset":2,"xAdvance":26,"rect":{"x":312,"y":28,"width":25,"height":27}},"37197":{"xOffset":1,"yOffset":4,"xAdvance":26,"rect":{"x":78,"y":424,"width":25,"height":23}},"37240":{"xOffset":0,"yOffset":2,"xAdvance":26,"rect":{"x":81,"y":110,"width":26,"height":26}},"37319":{"xOffset":1,"yOffset":3,"xAdvance":26,"rect":{"x":702,"y":136,"width":25,"height":26}},"37324":{"xOffset":0,"yOffset":4,"xAdvance":26,"rect":{"x":921,"y":396,"width":26,"height":23}},"37325":{"xOffset":1,"yOffset":3,"xAdvance":26,"rect":{"x":494,"y":321,"width":25,"height":25}},"37327":{"xOffset":0,"yOffset":3,"xAdvance":26,"rect":{"x":364,"y":191,"width":27,"height":25}},"37329":{"xOffset":0,"yOffset":3,"xAdvance":26,"rect":{"x":554,"y":372,"width":26,"height":24}},"38065":{"xOffset":0,"yOffset":2,"xAdvance":26,"rect":{"x":56,"y":0,"width":27,"height":27}},"38075":{"xOffset":0,"yOffset":3,"xAdvance":26,"rect":{"x":297,"y":243,"width":26,"height":25}},"38081":{"xOffset":0,"yOffset":2,"xAdvance":26,"rect":{"x":517,"y":28,"width":27,"height":26}},"38145":{"xOffset":1,"yOffset":2,"xAdvance":26,"rect":{"x":156,"y":28,"width":25,"height":27}},"38271":{"xOffset":1,"yOffset":3,"xAdvance":26,"rect":{"x":650,"y":320,"width":25,"height":25}},"38376":{"xOffset":2,"yOffset":3,"xAdvance":26,"rect":{"x":48,"y":373,"width":23,"height":25}},"38381":{"xOffset":1,"yOffset":2,"xAdvance":26,"rect":{"x":780,"y":136,"width":25,"height":26}},"38382":{"xOffset":2,"yOffset":2,"xAdvance":26,"rect":{"x":697,"y":163,"width":23,"height":26}},"38383":{"xOffset":2,"yOffset":2,"xAdvance":26,"rect":{"x":721,"y":163,"width":23,"height":26}},"38388":{"xOffset":2,"yOffset":2,"xAdvance":26,"rect":{"x":745,"y":163,"width":23,"height":26}},"38431":{"xOffset":1,"yOffset":3,"xAdvance":26,"rect":{"x":486,"y":242,"width":26,"height":25}},"38454":{"xOffset":2,"yOffset":3,"xAdvance":26,"rect":{"x":806,"y":319,"width":25,"height":25}},"38469":{"xOffset":1,"yOffset":3,"xAdvance":26,"rect":{"x":832,"y":319,"width":25,"height":25}},"38477":{"xOffset":2,"yOffset":3,"xAdvance":26,"rect":{"x":806,"y":136,"width":25,"height":26}},"38498":{"xOffset":1,"yOffset":2,"xAdvance":26,"rect":{"x":832,"y":136,"width":25,"height":26}},"38500":{"xOffset":1,"yOffset":3,"xAdvance":26,"rect":{"x":54,"y":110,"width":26,"height":26}},"38505":{"xOffset":1,"yOffset":2,"xAdvance":26,"rect":{"x":936,"y":136,"width":25,"height":26}},"38543":{"xOffset":2,"yOffset":2,"xAdvance":26,"rect":{"x":390,"y":28,"width":24,"height":27}},"38590":{"xOffset":0,"yOffset":2,"xAdvance":26,"rect":{"x":903,"y":0,"width":26,"height":27}},"38598":{"xOffset":1,"yOffset":2,"xAdvance":26,"rect":{"x":78,"y":28,"width":25,"height":27}},"38656":{"xOffset":0,"yOffset":3,"xAdvance":26,"rect":{"x":162,"y":269,"width":26,"height":25}},"38663":{"xOffset":1,"yOffset":3,"xAdvance":26,"rect":{"x":52,"y":347,"width":25,"height":25}},"38750":{"xOffset":1,"yOffset":3,"xAdvance":26,"rect":{"x":26,"y":164,"width":25,"height":26}},"38754":{"xOffset":1,"yOffset":4,"xAdvance":26,"rect":{"x":104,"y":424,"width":25,"height":23}},"38899":{"xOffset":1,"yOffset":2,"xAdvance":26,"rect":{"x":78,"y":164,"width":25,"height":26}},"39029":{"xOffset":0,"yOffset":3,"xAdvance":26,"rect":{"x":783,"y":241,"width":26,"height":25}},"39035":{"xOffset":0,"yOffset":3,"xAdvance":26,"rect":{"x":504,"y":190,"width":27,"height":25}},"39038":{"xOffset":1,"yOffset":3,"xAdvance":26,"rect":{"x":837,"y":241,"width":26,"height":25}},"39046":{"xOffset":0,"yOffset":2,"xAdvance":26,"rect":{"x":0,"y":110,"width":26,"height":26}},"39063":{"xOffset":0,"yOffset":3,"xAdvance":26,"rect":{"x":532,"y":190,"width":27,"height":25}},"39064":{"xOffset":0,"yOffset":3,"xAdvance":26,"rect":{"x":918,"y":241,"width":26,"height":25}},"39068":{"xOffset":1,"yOffset":2,"xAdvance":26,"rect":{"x":891,"y":82,"width":26,"height":26}},"39069":{"xOffset":1,"yOffset":2,"xAdvance":26,"rect":{"x":849,"y":0,"width":26,"height":27}},"39118":{"xOffset":0,"yOffset":3,"xAdvance":26,"rect":{"x":560,"y":190,"width":27,"height":25}},"39134":{"xOffset":1,"yOffset":4,"xAdvance":26,"rect":{"x":923,"y":371,"width":25,"height":24}},"39532":{"xOffset":1,"yOffset":3,"xAdvance":26,"rect":{"x":364,"y":347,"width":25,"height":25}},"39564":{"xOffset":0,"yOffset":3,"xAdvance":26,"rect":{"x":588,"y":190,"width":27,"height":25}},"39640":{"xOffset":1,"yOffset":2,"xAdvance":26,"rect":{"x":130,"y":164,"width":25,"height":26}},"39764":{"xOffset":0,"yOffset":2,"xAdvance":26,"rect":{"x":837,"y":82,"width":26,"height":26}},"40736":{"xOffset":1,"yOffset":3,"xAdvance":26,"rect":{"x":182,"y":164,"width":25,"height":26}},"40857":{"xOffset":1,"yOffset":3,"xAdvance":26,"rect":{"x":494,"y":347,"width":25,"height":25}},"65288":{"xOffset":11,"yOffset":2,"xAdvance":26,"rect":{"x":415,"y":28,"width":10,"height":27}},"65289":{"xOffset":5,"yOffset":2,"xAdvance":26,"rect":{"x":1009,"y":0,"width":10,"height":27}},"65292":{"xOffset":4,"yOffset":21,"xAdvance":26,"rect":{"x":610,"y":444,"width":6,"height":8}},"65306":{"xOffset":4,"yOffset":14,"xAdvance":26,"rect":{"x":532,"y":445,"width":5,"height":13}},"65311":{"xOffset":0,"yOffset":2,"xAdvance":26,"rect":{"x":1002,"y":55,"width":13,"height":26}}},"kerningDict":{}}]],0,0,[0],[0],[0]],[[{"name":"cm_0","rect":[0,0,1023,468],"offset":[-0.5,22],"originalSize":[1024,512],"capInsets":[0,0,0,0]}],[0],0,[0],[1],[1]]]]