[1,["ecpdLyjvZBwrvm+cedCcQy","daWYQauulL7acIjkFTMr5p","3fTbjTY/VEFKASRFtO3V9W","5dCuqXjUFIAq9r6PtmDWw2","16tCUzrkROkJaekQ8FCPpw","cfxOyZLt5OtIpcU/ArCUYd","f5uyr0MghDD4XT2EbRmElO","d2TzH39ZxBeJjdxS7f0Y3L","901dXki5hBGq7qCPWrs3Jy","1ewOTzKv1M4plYi/r0tWEm","6d4QhuUjdFeKYilnpIPfxi"],["node","_spriteFrame","_N$target","_N$file","_texture","root","levelLabel","ps","data","_N$dragonAsset","_N$dragonAtlasAsset","audio","_file"],[["cc.Node",["_name","_zIndex","_active","_prefab","_contentSize","_components","_trs","_parent","_children","_color"],0,4,5,9,7,1,2,5],["cc.Label",["_string","_lineHeight","_N$horizontalAlign","_N$verticalAlign","_fontSize","_isSystemFontUsed","node","_materials","_N$file"],-3,1,3,6],["cc.Node",["_name","_zIndex","_parent","_components","_prefab","_trs","_color","_contentSize"],1,1,2,4,7,5,5],["cc.PrefabInfo",["fileId","root"],2,1],["cc.Sprite",["_sizeMode","_type","node","_materials","_spriteFrame"],1,1,3,6],["dragonBones.DragonBonesAtlasAsset",["_name","_atlasJson"],1],["dragonBones.DragonBonesAsset",["_name","_dragonBonesJson"],1],["cc.ParticleAsset",["_name","_native"],1],["cc.Prefab",["_name"],2],["cc.Widget",["_alignFlags","node"],2,1],["679c3x/ZwhD8KnIy6p5lX5y",["node","audio"],3,1,6],["e1217OaHDFCEbPP4vjLJXLh",["isDialog","node"],2,1],["7d78f0lU+VOW7rncsSfgC5s",["node","ps","levelLabel"],3,1,1,1],["cc.Button",["_N$transition","node","clickEvents","_N$normalColor","_N$target"],2,1,9,5,1],["cc.ClickEvent",["_componentId","handler","target"],1,1],["cc.SubContextView",["node"],3,1],["dragonBones.ArmatureDisplay",["_armatureName","_animationName","_preCacheMode","_armatureKey","node","_materials","_N$dragonAsset","_N$dragonAtlasAsset"],-1,1,3,6,6],["cc.ParticleSystem",["totalParticles","duration","emissionRate","life","angleVar","startSize","startSizeVar","endSize","endSizeVar","startSpin","startSpinVar","endSpin","_positionType","speed","speedVar","tangentialAccel","node","_materials","_startColor","_startColorVar","_endColor","_endColorVar","posVar","gravity"],-13,1,3,8,8,8,8,5,5]],[[3,0,1,2],[4,0,2,3,4,2],[13,0,1,2,3,4,2],[14,0,1,2,3],[0,0,1,7,8,5,3,4,6,3],[0,0,1,7,5,3,4,6,3],[0,0,1,7,5,3,9,4,6,3],[1,0,4,1,2,3,6,7,6],[5,0,1,3],[6,0,1,3],[7,0,1,3],[8,0,2],[0,0,1,8,5,3,4,6,3],[0,0,2,1,7,8,5,3,4,6,4],[0,0,1,7,8,3,4,6,3],[0,0,7,5,3,4,6,2],[0,0,1,7,5,3,9,4,3],[2,0,1,2,3,4,6,7,5,3],[2,0,1,2,3,4,5,3],[9,0,1,2],[10,0,1,1],[11,0,1,2],[12,0,1,2,1],[3,1,1],[4,1,0,2,3,4,3],[1,0,1,5,2,3,6,7,8,6],[1,0,4,1,5,2,3,6,7,8,7],[15,0,1],[16,0,1,2,3,4,5,6,7,5],[17,0,1,2,3,4,5,6,7,8,9,10,11,12,13,14,15,16,17,18,19,20,21,22,23,17]],[[[[8,"jiesuan_tex","{\"imagePath\":\"jiesuan_tex.png\",\"width\":980,\"height\":572,\"name\":\"jiesuan\",\"SubTexture\":[{\"width\":576,\"y\":1,\"height\":570,\"name\":\"6\",\"x\":1},{\"width\":21,\"y\":532,\"height\":21,\"name\":\"3\",\"x\":606},{\"frameWidth\":29,\"y\":503,\"frameHeight\":28,\"width\":28,\"frameX\":0,\"height\":28,\"name\":\"4\",\"frameY\":0,\"x\":578},{\"width\":27,\"y\":532,\"height\":27,\"name\":\"5\",\"x\":578},{\"frameWidth\":52,\"y\":451,\"frameHeight\":52,\"width\":50,\"frameX\":-1,\"height\":51,\"name\":\"2\",\"frameY\":-1,\"x\":578},{\"frameWidth\":392,\"y\":1,\"frameHeight\":339,\"width\":387,\"frameX\":-3,\"height\":332,\"name\":\"1\",\"frameY\":-4,\"x\":578},{\"frameWidth\":118,\"y\":334,\"frameHeight\":118,\"width\":116,\"frameX\":-1,\"height\":116,\"name\":\"7\",\"frameY\":-1,\"x\":578}]}"]],0,0,[0],[4],[2]],[[[9,"jiesuan_ske","{\"frameRate\":12,\"isGlobal\":0,\"armature\":[{\"ik\":[],\"type\":\"Armature\",\"bone\":[{\"name\":\"root\",\"transform\":{}},{\"length\":19,\"transform\":{\"skX\":-86.9872,\"skY\":-86.9872},\"parent\":\"root\",\"name\":\"bone\"},{\"length\":19,\"transform\":{\"y\":205.485,\"skX\":-79.6182,\"skY\":-79.6182,\"x\":196.8028},\"parent\":\"root\",\"name\":\"bone1\"},{\"length\":12,\"transform\":{\"y\":-64.4249,\"skX\":-90,\"skY\":-90,\"x\":-211.1943},\"parent\":\"root\",\"name\":\"2\"},{\"length\":12,\"transform\":{\"scX\":0.3881,\"y\":-39.3344,\"scY\":0.3881,\"skX\":-90,\"skY\":-90,\"x\":177.0233},\"parent\":\"root\",\"name\":\"21\"},{\"length\":50,\"transform\":{\"y\":5.1794,\"skX\":-89.6013,\"skY\":-89.6013,\"x\":-0.1668},\"parent\":\"root\",\"name\":\"7\"},{\"length\":19,\"transform\":{\"y\":-406.4211,\"skX\":-79.6182,\"skY\":-79.6182,\"x\":243.9865},\"parent\":\"bone1\",\"name\":\"bone11\"}],\"animation\":[{\"duration\":50,\"frame\":[],\"ik\":[],\"bone\":[{\"frame\":[{\"duration\":50,\"transform\":{}}],\"name\":\"root\"},{\"frame\":[{\"duration\":50,\"transform\":{\"skX\":-18.0028,\"skY\":-18.0028},\"tweenEasing\":0},{\"duration\":0,\"transform\":{\"skX\":-62.0028,\"skY\":-62.0028}}],\"name\":\"bone\"},{\"frame\":[{\"duration\":50,\"transform\":{}}],\"name\":\"bone1\"},{\"frame\":[{\"duration\":4,\"transform\":{\"scX\":0.0258,\"scY\":0.0258},\"tweenEasing\":0},{\"duration\":2,\"transform\":{\"scX\":0.0258,\"scY\":0.0258},\"tweenEasing\":0},{\"duration\":4,\"transform\":{\"scX\":0.9165,\"scY\":0.9165},\"tweenEasing\":0},{\"duration\":18,\"transform\":{\"scX\":0.0258,\"scY\":0.0258},\"tweenEasing\":0},{\"duration\":2,\"transform\":{\"scX\":0.0258,\"scY\":0.0258},\"tweenEasing\":0},{\"duration\":4,\"transform\":{\"scX\":0.9165,\"scY\":0.9165},\"tweenEasing\":0},{\"duration\":16,\"transform\":{\"scX\":0.0258,\"scY\":0.0258}}],\"name\":\"2\"},{\"frame\":[{\"duration\":14,\"transform\":{\"scX\":0.0258,\"scY\":0.0258},\"tweenEasing\":0},{\"duration\":2,\"transform\":{\"scX\":0.0258,\"scY\":0.0258},\"tweenEasing\":0},{\"duration\":4,\"transform\":{\"scX\":0.9165,\"scY\":0.9165},\"tweenEasing\":0},{\"duration\":20,\"transform\":{\"scX\":0.0258,\"scY\":0.0258},\"tweenEasing\":0},{\"duration\":2,\"transform\":{\"scX\":0.0258,\"scY\":0.0258},\"tweenEasing\":0},{\"duration\":4,\"transform\":{\"scX\":0.9165,\"scY\":0.9165},\"tweenEasing\":0},{\"duration\":4,\"transform\":{\"scX\":0.0258,\"scY\":0.0258}}],\"name\":\"21\"},{\"frame\":[{\"duration\":3,\"transform\":{\"y\":-1.9994,\"skX\":-0.3987,\"skY\":-0.3987},\"tweenEasing\":0},{\"duration\":3,\"transform\":{\"y\":-9.9994,\"skX\":-0.3987,\"skY\":-0.3987},\"tweenEasing\":0},{\"duration\":16,\"transform\":{\"y\":-1.9994,\"skX\":-0.3987,\"skY\":-0.3987},\"tweenEasing\":0},{\"duration\":3,\"transform\":{\"y\":-1.9994,\"skX\":-0.3987,\"skY\":-0.3987},\"tweenEasing\":0},{\"duration\":3,\"transform\":{\"y\":-9.9994,\"skX\":-0.3987,\"skY\":-0.3987},\"tweenEasing\":0},{\"duration\":16,\"transform\":{\"y\":-1.9994,\"skX\":-0.3987,\"skY\":-0.3987},\"tweenEasing\":0},{\"duration\":3,\"transform\":{\"y\":-1.9994,\"skX\":-0.3987,\"skY\":-0.3987},\"tweenEasing\":0},{\"duration\":3,\"transform\":{\"y\":-9.9994,\"skX\":-0.3987,\"skY\":-0.3987},\"tweenEasing\":0},{\"duration\":0,\"transform\":{\"y\":-1.9994,\"skX\":-0.3987,\"skY\":-0.3987}}],\"name\":\"7\"},{\"frame\":[{\"duration\":50,\"transform\":{}}],\"name\":\"bone11\"}],\"slot\":[{\"frame\":[{\"duration\":3,\"tweenEasing\":null},{\"tweenEasing\":0,\"duration\":4,\"color\":{\"aM\":0}},{\"tweenEasing\":0,\"duration\":4},{\"tweenEasing\":0,\"duration\":15,\"color\":{\"aM\":0}},{\"tweenEasing\":0,\"duration\":4,\"color\":{\"aM\":0}},{\"tweenEasing\":0,\"duration\":3},{\"tweenEasing\":null,\"duration\":17,\"color\":{\"aM\":0}}],\"name\":\"33\"},{\"frame\":[{\"tweenEasing\":0,\"duration\":3,\"color\":{\"aM\":0}},{\"tweenEasing\":0,\"duration\":4,\"color\":{\"aM\":0}},{\"tweenEasing\":0,\"duration\":4},{\"tweenEasing\":0,\"duration\":15,\"color\":{\"aM\":0}},{\"tweenEasing\":0,\"duration\":4,\"color\":{\"aM\":0}},{\"tweenEasing\":0,\"duration\":3},{\"tweenEasing\":null,\"duration\":17,\"color\":{\"aM\":0}}],\"name\":\"35\"}],\"ffd\":[],\"playTimes\":0,\"name\":\"newAnimation\"}],\"slot\":[{\"color\":{},\"name\":\"6\",\"parent\":\"bone\"},{\"z\":1,\"color\":{},\"name\":\"3\",\"parent\":\"bone1\"},{\"z\":2,\"color\":{},\"name\":\"31\",\"parent\":\"bone11\"},{\"z\":3,\"color\":{},\"name\":\"32\",\"parent\":\"root\"},{\"z\":4,\"color\":{},\"name\":\"33\",\"parent\":\"root\"},{\"z\":5,\"color\":{},\"name\":\"34\",\"parent\":\"root\"},{\"z\":6,\"color\":{},\"name\":\"35\",\"parent\":\"root\"},{\"z\":7,\"color\":{},\"name\":\"4\",\"parent\":\"root\"},{\"z\":8,\"color\":{},\"name\":\"5\",\"parent\":\"root\"},{\"z\":9,\"color\":{\"aM\":52},\"name\":\"36\",\"parent\":\"root\"},{\"z\":10,\"color\":{\"aM\":44},\"name\":\"37\",\"parent\":\"root\"},{\"z\":11,\"color\":{},\"name\":\"2\",\"parent\":\"2\"},{\"z\":12,\"color\":{},\"name\":\"21\",\"parent\":\"21\"},{\"z\":13,\"color\":{},\"name\":\"1\",\"parent\":\"root\"},{\"z\":14,\"color\":{},\"name\":\"7\",\"parent\":\"7\"}],\"defaultActions\":[{\"gotoAndPlay\":\"newAnimation\"}],\"aabb\":{\"width\":576,\"y\":-285,\"height\":570,\"x\":-288},\"name\":\"Armature\",\"frameRate\":12,\"skin\":[{\"name\":\"\",\"slot\":[{\"display\":[{\"path\":\"2\",\"type\":\"image\",\"name\":\"2\",\"transform\":{\"scX\":-1.6531,\"y\":0.5654,\"scY\":-1.6531,\"skX\":90,\"skY\":90,\"x\":1.4161}}],\"name\":\"21\"},{\"display\":[{\"path\":\"2\",\"type\":\"image\",\"name\":\"2\",\"transform\":{\"y\":0.5654,\"skX\":90,\"skY\":90,\"x\":1.4161}}],\"name\":\"2\"},{\"display\":[{\"path\":\"3\",\"type\":\"image\",\"name\":\"3\",\"transform\":{\"scX\":-0.4817,\"y\":204.9741,\"scY\":-0.4817,\"x\":-218.7827}}],\"name\":\"36\"},{\"display\":[{\"path\":\"3\",\"type\":\"image\",\"name\":\"3\",\"transform\":{\"scX\":0.6633,\"y\":-110.1169,\"scY\":0.6633,\"x\":143.2503}}],\"name\":\"33\"},{\"display\":[{\"path\":\"3\",\"type\":\"image\",\"name\":\"3\",\"transform\":{\"scX\":-0.4815,\"y\":-144.0734,\"scY\":-0.4815,\"x\":95.2226}}],\"name\":\"34\"},{\"display\":[{\"path\":\"1\",\"type\":\"image\",\"name\":\"1\",\"transform\":{\"y\":24.0854,\"x\":-0.2901}}],\"name\":\"1\"},{\"display\":[{\"path\":\"3\",\"type\":\"image\",\"name\":\"3\",\"transform\":{\"scX\":0.7292,\"y\":67.4188,\"scY\":0.7292,\"x\":163.4658}}],\"name\":\"32\"},{\"display\":[{\"path\":\"4\",\"type\":\"image\",\"name\":\"4\",\"transform\":{\"y\":68.0014,\"x\":-208.7113}}],\"name\":\"4\"},{\"display\":[{\"path\":\"3\",\"type\":\"image\",\"name\":\"3\",\"transform\":{\"scX\":-0.4628,\"y\":-115.4288,\"scY\":-0.4671,\"x\":-239.8544}}],\"name\":\"37\"},{\"display\":[{\"path\":\"7\",\"type\":\"image\",\"name\":\"7\",\"transform\":{\"y\":-0.9512,\"skX\":89.6013,\"skY\":89.6013,\"x\":40.4806}}],\"name\":\"7\"},{\"display\":[{\"path\":\"6\",\"type\":\"image\",\"name\":\"6\",\"transform\":{\"skX\":86.9872,\"skY\":86.9872}}],\"name\":\"6\"},{\"display\":[{\"path\":\"5\",\"type\":\"image\",\"name\":\"5\",\"transform\":{\"y\":181.6269,\"x\":220.1502}}],\"name\":\"5\"},{\"display\":[{\"path\":\"3\",\"type\":\"image\",\"name\":\"3\",\"transform\":{\"skX\":79.6182,\"skY\":79.6182}}],\"name\":\"31\"},{\"display\":[{\"path\":\"3\",\"type\":\"image\",\"name\":\"3\",\"transform\":{\"skX\":79.6182,\"skY\":79.6182}}],\"name\":\"3\"},{\"display\":[{\"path\":\"3\",\"type\":\"image\",\"name\":\"3\",\"transform\":{\"scX\":-0.591,\"y\":89.6573,\"scY\":-0.591,\"x\":-238.2927}}],\"name\":\"35\"}]}]}],\"name\":\"jiesuan\",\"version\":\"4.5\"}"]],0,0,[],[],[]],[[[10,"piaoluo",".plist"],-1],0,0,[],[],[]],[[[11,"WinDialog"],[12,"View",0,[-8,-9,-10,-11,-12,-13],[[19,45,-2],[20,-3,18],[21,true,-4],[22,-7,-6,-5]],[23,-1],[5,750,1334],[375,667,0,0,0,0,1,1,1,1]],[13,"btn1",false,0,1,[-17,-18],[[1,0,-14,[12],13],[2,3,-16,[[3,"7d78f0lU+VOW7rncsSfgC5s","click_share",1]],[4,4292269782],-15]],[0,"71hoh+jg5PXqMWQKhlPOkf",1],[5,200,80],[-221,-214,0,0,0,0,1,1,1,0]],[4,"btn3",0,1,[-22],[[24,1,0,-19,[6],7],[2,3,-21,[[3,"7d78f0lU+VOW7rncsSfgC5s","click_next",1]],[4,4292269782],-20]],[0,"96SPhO5GtMUbRY61vkkERc",1],[5,200,80],[133,-214,0,0,0,0,1,1,1,0]],[4,"btn1",0,1,[-26],[[1,0,-23,[15],16],[2,3,-25,[[3,"7d78f0lU+VOW7rncsSfgC5s","click_shop",1]],[4,4292269782],-24]],[0,"dcEc/fQidBKK5tOILYjXhS",1],[5,197,80],[-116,-214,0,0,0,0,1,1,1,0]],[14,"frame3",0,1,[-27,-28],[0,"26VPpHGdlFJK9We5/Z3Kl/",1],[5,500,580],[0,147,0,0,0,0,1,1,1,1]],[17,"label",0,5,[-29],[0,"95ash64g5ITZLYEZdTbLTj",1],[4,4278209425],[5,206.26,73.08],[0,359.022,0,0,0,0,1,1,1,1]],[7,"关卡：1",58,58,1,1,6,[0]],[5,"display",0,5,[[27,-30]],[0,"6fho7QW61FEK232u+kI1D7",1],[5,500,800],[0,-154,0,0,0,0,1,1,1,1]],[15,"New Node",1,[[28,"Armature","newAnimation",0,"5d0aea97-8d41-4802-af6b-e8fb660d6c36#16b42533-ae44-4e90-969e-910f0508fa70",-31,[1],2,3]],[0,"36zPTVgK9Iz74OH62SQpwQ",1],[5,576,570],[6.502,201.443,0,0,0,0,1,1,1,1]],[16,"New Label",0,3,[[25,"下一关",32,false,1,1,-32,[4],5]],[0,"2florS0S9NSrjCsygo6nmw",1],[4,4282276608],[5,97.5,32]],[6,"New Label",0,2,[[26,"发起挑战",38,32,false,1,1,-33,[8],9]],[0,"06Yd8igx5CZrXzxUWgy6aW",1],[4,4278205040],[5,123.5,32],[15,0,0,0,0,0,1,1,1,1]],[5,"android_achievements",0,2,[[1,0,-34,[10],11]],[0,"948rQZGx9Ji4C5HlgybzGh",1],[5,40,40],[-71,0,0,0,0,0,1,1,1,1]],[6,"New Label",0,4,[[7,"重玩",36,32,1,1,-35,[14]]],[0,"23YCVQCmVHgpi04u3f4uph",1],[4,4278211051],[5,72,40.32],[-2.77,0,0,0,0,0,1,1,1,1]],[18,"piaoluo",0,1,[-36],[0,"96btunNIdOA5Dcvk3BjhYl",1],[-2,373,0,0,0,0,1,1,1,1]],[29,600,0.3,200,3,90,5,47,12,27,-85,670,-85,1,160,39,0,14,[17],[4,4294967295],[4,16777215],[4,4278230591],[4,16711935],[0,320,215],[0,0,-340]]],0,[0,5,1,0,0,1,0,0,1,0,0,1,0,6,7,0,7,15,0,0,1,0,-1,5,0,-2,9,0,-3,3,0,-4,2,0,-5,4,0,-6,14,0,0,2,0,2,2,0,0,2,0,-1,11,0,-2,12,0,0,3,0,2,3,0,0,3,0,-1,10,0,0,4,0,2,4,0,0,4,0,-1,13,0,-1,6,0,-2,8,0,-1,7,0,0,8,0,0,9,0,0,10,0,0,11,0,0,12,0,0,13,0,-1,15,0,8,1,36],[0,0,0,0,0,0,0,0,0,0,0,0,0,0,0,0,0,0,0,15],[-1,-1,9,10,-1,3,-1,1,-1,3,-1,1,-1,1,-1,-1,1,-1,11,12],[0,0,3,4,0,1,0,5,0,1,0,6,0,7,0,0,8,0,9,10]]]]