[1,["ecpdLyjvZBwrvm+cedCcQy","684UXKcWRBlLbTStyb+EcU","1ea68fbc1","3cwJl+uspKBLitqA7+uLg/","e4eVMxtfZHJ4X9Qxpsc1rL","4bq2fLGOZAmbhANV8Ec/iQ","6f0z7xsrZLhLXiWeKEZJf6","8eOQ2oBBtF8LTuPxMeajio","68wZVhNa1NNYQOXff6oIu4","5f0mK+U9ZK6ZO/hxYJpLSy","1ewOTzKv1M4plYi/r0tWEm","c9+lH/PwFGAY+AMl0bEdq3"],["node","_spriteFrame","_N$target","_textureSetter","_parent","root","selector","data","_N$indicator","audio","spriteFrame"],[["cc.Node",["_name","_zIndex","_opacity","_components","_prefab","_contentSize","_trs","_children","_parent","_color","_anchorPoint"],0,9,4,5,7,2,1,5,5],"cc.SpriteFrame",["cc.ClickEvent",["handler","_componentId","component","customEventData","target"],-1,1],["cc.Node",["_name","_zIndex","_parent","_components","_prefab","_trs","_children","_contentSize"],1,1,2,4,7,2,5],["cc.Sprite",["_sizeMode","_type","node","_materials","_spriteFrame"],1,1,3,6],["cc.Widget",["_alignFlags","_right","_originalWidth","_originalHeight","node"],-1,1],["cc.PrefabInfo",["fileId","root"],2,1],["cc.Label",["_string","_fontSize","_lineHeight","_N$horizontalAlign","_N$verticalAlign","node","_materials"],-2,1,3],["cc.Prefab",["_name"],2],["e1217OaHDFCEbPP4vjLJXLh",["isDialog","opacity","node"],1,1],["4c94fc8PDtI1o3JM9m3WRKN",["node","selector"],3,1,1],["679c3x/ZwhD8KnIy6p5lX5y",["node","audio"],3,1,6],["cc.Button",["_N$transition","node","clickEvents","_N$normalColor","_N$target"],2,1,9,5,1],["cc.Layout",["_resize","_N$layoutType","_N$paddingLeft","_N$spacingX","_N$spacingY","node","_layoutSize"],-2,1,5],["cc.Mask",["node","_materials"],3,1,3],["cc.LabelOutline",["node"],3,1],["cc.PageView",["bounceDuration","node","_N$content"],2,1,1],["cc.PageViewIndicator",["spacing","node","_pageView","cellSize"],2,1,1,5],["b7942O9SJ1JFpcT0/D7YiFO",["max","node","pageview","template","onSelectLevel","onRefreshItem"],2,1,1,1,4,4]],[[6,0,1,2],[0,0,1,8,3,4,5,6,3],[12,0,1,2,3,4,2],[0,0,1,8,7,3,4,5,6,3],[4,0,2,3,4,2],[7,0,1,2,3,5,6,5],[15,0,1],[2,2,0,3,4,4],[2,1,0,4,3],[4,2,3,4,1],[8,0,2],[0,0,1,7,3,4,5,6,3],[0,0,1,7,3,4,9,5,6,3],[0,0,1,7,3,4,5,10,6,3],[0,0,1,8,7,3,4,5,3],[0,0,2,1,8,3,4,5,6,4],[0,0,1,8,3,4,9,5,3],[3,0,1,2,6,3,4,5,3],[3,0,1,2,6,3,4,7,5,3],[3,0,1,2,3,4,7,5,3],[5,0,4,2],[5,0,1,2,3,4,5],[9,0,1,2,3],[10,0,1,1],[11,0,1,1],[6,1,1],[4,1,0,2,3,4,3],[2,1,0,3,4,4],[2,2,0,4,3],[13,0,1,2,3,4,5,6,6],[14,0,1,1],[7,0,1,2,3,4,5,6,6],[16,0,1,2,2],[17,0,1,2,3,2],[18,0,1,2,3,4,5,2]],[[[{"name":"char_select_arrow_right","rect":[124,109,71,100],"offset":[0.5,0],"originalSize":[72,100],"capInsets":[0,0,0,0]}],[1],0,[0],[3],[2]],[[{"name":"a1","rect":[124,215,94,94],"offset":[0,0],"originalSize":[94,94],"capInsets":[16,16,16,16]}],[1],0,[0],[3],[2]],[[{"name":"b50_wr","rect":[0,0,64,64],"offset":[0,0],"originalSize":[64,64],"capInsets":[10,10,10,10]}],[1],0,[0],[3],[4]],[[{"name":"text_level","rect":[3,3,326,115],"offset":[0,0],"originalSize":[326,115],"rotated":1,"capInsets":[0,0,0,0]}],[1],0,[0],[3],[2]],[[{"name":"default_scrollbar_bg","rect":[0,0,30,15],"offset":[0,0],"originalSize":[30,15],"capInsets":[10,4,10,4]}],[1],0,[0],[3],[5]],[[[10,"LevelDialog"],[11,"View",0,[-7,-8,-9,-10,-11],[[20,45,-2],[22,true,180,-3],[23,-5,-4],[24,-6,41]],[25,-1],[5,750,1334],[375,667,0,0,0,0,1,1,1,1]],[17,"LevelSelector",0,1,[-13,-14,-15],[-12],[0,"9fafUF1hJFu5cgj72fewOb",1],[-6,27,0,0,0,0,1,1,1,1]],[12,"page",0,[-17,-18,-19,-20,-21,-22,-23,-24,-25],[[21,5,400,400,290,-16]],[0,"abK/6ej41Fgo1xWYhu4BZD",1],[4,4291348735],[5,522,524],[269,0,0,0,0,0,1,1,1,1]],[3,"btn4",0,1,[-29],[[4,0,-26,[7],8],[2,3,-28,[[8,"4c94fc8PDtI1o3JM9m3WRKN","click_continue",1]],[4,4292269782],-27]],[0,"ac83jnPlNNMaNNnGhxEEWC",1],[5,197,80],[2,-301,0,0,0,0,1,1,1,0]],[3,"1",0,3,[-33],[[4,0,-30,[14],15],[2,3,-32,[[7,"LevelSelector","selectLevel","1",2]],[4,4292269782],-31]],[0,"84xPtaPRJHRZvJTNFpmIlQ",1],[5,150,150],[-179,174,0,0,0,0,1,1,1,0]],[3,"2",0,3,[-37],[[4,0,-34,[17],18],[2,3,-36,[[7,"LevelSelector","selectLevel","2",2]],[4,4292269782],-35]],[0,"24b4YpTl5HkpDyphZ0DFhs",1],[5,150,150],[-3,174,0,0,0,0,1,1,1,0]],[3,"3",0,3,[-41],[[4,0,-38,[20],21],[2,3,-40,[[7,"LevelSelector","selectLevel","3",2]],[4,4292269782],-39]],[0,"83VN4gdsVInLJ5oklHQguB",1],[5,150,150],[173,174,0,0,0,0,1,1,1,0]],[3,"4",0,3,[-45],[[4,0,-42,[23],24],[2,3,-44,[[7,"LevelSelector","selectLevel","4",2]],[4,4292269782],-43]],[0,"51lhPltAxCyIoxAZGl2gCm",1],[5,150,150],[-179,5,0,0,0,0,1,1,1,0]],[3,"5",0,3,[-49],[[4,0,-46,[26],27],[2,3,-48,[[7,"LevelSelector","selectLevel","5",2]],[4,4292269782],-47]],[0,"c3eYjep6RCy71xSljkY9UI",1],[5,150,150],[-3,5,0,0,0,0,1,1,1,0]],[3,"6",0,3,[-53],[[4,0,-50,[29],30],[2,3,-52,[[7,"LevelSelector","selectLevel","6",2]],[4,4292269782],-51]],[0,"7f8A6vxghDd7H0ikUR5zvv",1],[5,150,150],[173,5,0,0,0,0,1,1,1,0]],[3,"7",0,3,[-57],[[4,0,-54,[32],33],[2,3,-56,[[7,"LevelSelector","selectLevel","7",2]],[4,4292269782],-55]],[0,"12Hpph4YNORbbGtnsVXO70",1],[5,150,150],[-179,-164,0,0,0,0,1,1,1,0]],[3,"8",0,3,[-61],[[4,0,-58,[35],36],[2,3,-60,[[27,"b7942O9SJ1JFpcT0/D7YiFO","selectLevel","8",2]],[4,4292269782],-59]],[0,"cbsbex17dM6KdA+D5FGXuR",1],[5,150,150],[-3,-164,0,0,0,0,1,1,1,0]],[3,"9",0,3,[-65],[[4,0,-62,[38],39],[2,3,-64,[[7,"LevelSelector","selectLevel","9",2]],[4,4292269782],-63]],[0,"06X00TrD9NLLh5Uq8NNEuP",1],[5,150,150],[173,-164,0,0,0,0,1,1,1,0]],[1,"close",0,1,[[9,-66,[4],5],[2,3,-68,[[28,"View","hide",1]],[4,4292269782],-67]],[0,"97Mgm95X1JxKfcWn37UvyC",1],[5,59,59],[232,402,0,0,0,0,1,1,1,0]],[1,"right",0,2,[[9,-69,[9],10],[2,3,-71,[[8,"b7942O9SJ1JFpcT0/D7YiFO","nextPage",2]],[4,4292269782],-70]],[0,"ffBH93GDNM64KOpeA70rcz",1],[5,71,100],[158,-330,0,0,0,0,1,1,1,0]],[1,"left",0,2,[[2,3,-73,[[8,"b7942O9SJ1JFpcT0/D7YiFO","prevPage",2]],[4,4292269782],-72],[9,-74,[11],12]],[0,"fdqt12nfRNa4bjo3Jae05M",1],[5,71,100],[-147,-330,0,0,0,0,1,-1,-1,0]],[18,"pageview",0,2,[-76,-77],[-75],[0,"6eQmVn1dFKDIOG/GfqENdx",1],[5,526,522],[6,39,0,0,0,0,1,1,1,1]],[13,"content",0,[3],[[29,1,1,8,5,15,-78,[5,530,524]]],[0,"d3hnDw4QFOSpIueM8+OIVm",1],[5,530,524],[0,0,0.5],[-265.5,0,0,0,0,0,1,1,1,1]],[14,"view",0,17,[18],[[30,-79,[40]]],[0,"9emX7jBBBCAo/UH73p1kgT",1],[5,531,524]],[1,"label",0,5,[[5,"1",48,48,1,-80,[13]],[6,-81]],[0,"61azyS/H5LtZzDvNz8iOcg",1],[5,28.7,62.48],[5,-2,0,0,0,0,1,1,1,1]],[1,"label",0,6,[[5,"2",48,48,1,-82,[16]],[6,-83]],[0,"ed/98eqlhFMrSKQUvVDx7F",1],[5,28.7,62.48],[5,-2,0,0,0,0,1,1,1,1]],[1,"label",0,7,[[5,"3",48,48,1,-84,[19]],[6,-85]],[0,"6amM1rYSZFO50NaonVtBNj",1],[5,28.7,62.48],[5,-2,0,0,0,0,1,1,1,1]],[1,"label",0,8,[[5,"4",48,48,1,-86,[22]],[6,-87]],[0,"85/j/E0iVE+IalavZSNILl",1],[5,28.7,62.48],[-2,2,0,0,0,0,1,1,1,1]],[1,"label",0,9,[[5,"5",48,48,1,-88,[25]],[6,-89]],[0,"0atkarEf1DDo+q4090hkF2",1],[5,28.7,62.48],[5,-2,0,0,0,0,1,1,1,1]],[1,"label",0,10,[[5,"6",48,48,1,-90,[28]],[6,-91]],[0,"adNJTT+HVJKYN42RIwg8BE",1],[5,28.7,62.48],[5,-2,0,0,0,0,1,1,1,1]],[1,"label",0,11,[[5,"7",48,48,1,-92,[31]],[6,-93]],[0,"23NtpgM5dF0qXMe3wdCdee",1],[5,28.7,62.48],[5,-2,0,0,0,0,1,1,1,1]],[1,"label",0,12,[[5,"8",48,48,1,-94,[34]],[6,-95]],[0,"d9pEgfO5VDuJ9cHP3dbynu",1],[5,28.7,62.48],[5,-2,0,0,0,0,1,1,1,1]],[1,"label",0,13,[[5,"9",48,48,1,-96,[37]],[6,-97]],[0,"ecVxosdRlFcI+4WP2Amxl2",1],[5,28.7,62.48],[5,-2,0,0,0,0,1,1,1,1]],[32,0.5,17,18],[15,"background",100,0,1,[[26,1,0,-98,[0],1]],[0,"e6YPetzulKaby6GIXM99Qo",1],[5,750,1334],[-6,73,0,0,0,0,1,1,1,1]],[1,"text_level",0,1,[[9,-99,[2],3]],[0,"f9czE3BNdPRbNPFGPcohZV",1],[5,326,115],[-3,409,0,0,0,0,1,1,1,1]],[16,"New Label",0,4,[[31,"继续游戏",36,36,1,1,-100,[6]]],[0,"a9+RGlzHtJIKoZ1N8V7O+O",1],[4,4278407087],[5,144,45.36]],[19,"indicator",0,17,[-101],[0,"3eKZOVThBP3IY4gQJEJ0vM",1],[5,100,27],[-2,-315,0,0,0,0,1,1,1,1]],[33,10,33,29,[5,10,10]],[34,75,2,29,3,[8,"4c94fc8PDtI1o3JM9m3WRKN","select_level",1],[8,"4c94fc8PDtI1o3JM9m3WRKN","refreshLevelItem",1]]],0,[0,5,1,0,0,1,0,0,1,0,6,35,0,0,1,0,0,1,0,-1,30,0,-2,31,0,-3,14,0,-4,4,0,-5,2,0,-1,35,0,-1,15,0,-2,16,0,-3,17,0,0,3,0,-1,5,0,-2,6,0,-3,7,0,-4,8,0,-5,9,0,-6,10,0,-7,11,0,-8,12,0,-9,13,0,0,4,0,2,4,0,0,4,0,-1,32,0,0,5,0,2,5,0,0,5,0,-1,20,0,0,6,0,2,6,0,0,6,0,-1,21,0,0,7,0,2,7,0,0,7,0,-1,22,0,0,8,0,2,8,0,0,8,0,-1,23,0,0,9,0,2,9,0,0,9,0,-1,24,0,0,10,0,2,10,0,0,10,0,-1,25,0,0,11,0,2,11,0,0,11,0,-1,26,0,0,12,0,2,12,0,0,12,0,-1,27,0,0,13,0,2,13,0,0,13,0,-1,28,0,0,14,0,2,14,0,0,14,0,0,15,0,2,15,0,0,15,0,2,16,0,0,16,0,0,16,0,-1,29,0,-1,19,0,-2,33,0,0,18,0,0,19,0,0,20,0,0,20,0,0,21,0,0,21,0,0,22,0,0,22,0,0,23,0,0,23,0,0,24,0,0,24,0,0,25,0,0,25,0,0,26,0,0,26,0,0,27,0,0,27,0,0,28,0,0,28,0,0,30,0,0,31,0,0,32,0,-1,34,0,7,1,3,4,18,18,4,19,29,8,34,101],[0,0,0,0,0,0,0,0,0,0,0,0,0,0,0,0,0,0,0,0,0,0,0,0,0,0,0,0,0,0,0,0,0,0,0,0,0,0,0,0,0,0,34],[-1,1,-1,1,-1,1,-1,-1,1,-1,1,-1,1,-1,-1,1,-1,-1,1,-1,-1,1,-1,-1,1,-1,-1,1,-1,-1,1,-1,-1,1,-1,-1,1,-1,-1,1,-1,9,10],[0,6,0,7,0,8,0,0,9,0,3,0,3,0,0,1,0,0,1,0,0,1,0,0,1,0,0,1,0,0,1,0,0,1,0,0,1,0,0,1,0,10,11]]]]